order_id,date,day_name,hour,daypart,service_mode,payment_type,items,order_revenue,discount,order_size
120000,2025-07-05,Saturday,6,Breakfast,Drive-Thru,Cash,1,1.43,0.15,1 Item
120001,2025-07-05,Saturday,11,Lunch,Dine-In,Card,1,5.79,0.0,1 Item
120002,2025-04-13,Sunday,8,Breakfast,Takeout,Cash,1,1.44,0.15,1 Item
120003,2025-06-25,Wednesday,6,Breakfast,Drive-Thru,Cash,1,3.96,0.0,1 Item
120004,2025-08-01,Friday,12,Lunch,Drive-Thru,Card,2,19.72,0.0,2 Items
120005,2025-07-12,Saturday,12,Lunch,Dine-In,Card,1,6.01,0.0,1 Item
120006,2025-07-26,Saturday,17,Afternoon,Delivery,MobilePay,1,3.34,0.54,1 Item
120007,2025-07-21,Monday,16,Afternoon,Takeout,Cash,1,1.64,0.27,1 Item
120008,2025-06-02,Monday,23,Late Night,Delivery,Card,2,11.73,0.0,2 Items
120009,2025-07-12,Saturday,5,Breakfast,Drive-Thru,Card,1,2.12,0.0,1 Item
120010,2025-04-19,Saturday,21,Dinner,Takeout,Card,1,5.88,0.0,1 Item
120011,2025-07-16,Wednesday,11,Morning,Dine-In,Card,1,1.63,0.0,1 Item
120012,2025-06-08,Sunday,8,Breakfast,Takeout,Card,2,9.24,0.0,2 Items
120013,2025-07-13,Sunday,10,Morning,Takeout,Cash,2,4.69,0.0,2 Items
120014,2025-04-11,Friday,12,Lunch,Dine-In,Card,1,9.1,0.0,1 Item
120015,2025-05-22,Thursday,9,Breakfast,Delivery,Card,1,3.33,0.0,1 Item
120016,2025-04-27,Sunday,9,Breakfast,Drive-Thru,MobilePay,1,3.21,0.0,1 Item
120017,2025-04-16,Wednesday,11,Lunch,Takeout,Card,1,5.0,0.0,1 Item
120018,2025-06-23,Monday,9,Breakfast,Takeout,Card,2,8.17,0.0,2 Items
120019,2025-07-10,Thursday,19,Dinner,Dine-In,Card,1,5.49,0.0,1 Item
120020,2025-04-14,Monday,11,Morning,Drive-Thru,MobilePay,1,2.67,0.0,1 Item
120021,2025-07-07,Monday,6,Breakfast,Dine-In,Cash,1,3.34,0.0,1 Item
120022,2025-04-11,Friday,17,Afternoon,Dine-In,Card,1,1.88,0.0,1 Item
120023,2025-04-11,Friday,14,Lunch,Drive-Thru,Cash,1,5.5,0.0,1 Item
120024,2025-07-04,Friday,17,Afternoon,Takeout,Card,1,1.69,0.0,1 Item
120025,2025-05-28,Wednesday,19,Dinner,Takeout,Card,1,6.49,0.0,1 Item
120026,2025-05-30,Friday,17,Afternoon,Drive-Thru,Cash,1,4.04,0.0,1 Item
120027,2025-07-05,Saturday,16,Afternoon,Dine-In,Card,1,2.62,0.0,1 Item
120028,2025-06-21,Saturday,18,Dinner,Drive-Thru,Card,1,4.65,0.0,1 Item
120029,2025-08-06,Wednesday,14,Lunch,Delivery,Card,3,17.19,0.0,3 Items
120030,2025-06-22,Sunday,7,Breakfast,Takeout,Cash,1,3.11,0.15,1 Item
120031,2025-07-09,Wednesday,19,Dinner,Delivery,Card,2,20.25,0.0,2 Items
120032,2025-07-27,Sunday,22,Late Night,Drive-Thru,MobilePay,1,7.11,0.0,1 Item
120033,2025-06-26,Thursday,21,Dinner,Dine-In,Cash,1,4.47,0.0,1 Item
120034,2025-04-14,Monday,17,Afternoon,Takeout,MobilePay,1,2.15,0.0,1 Item
120035,2025-06-29,Sunday,12,Lunch,Takeout,Card,1,6.37,0.0,1 Item
120036,2025-08-07,Thursday,11,Lunch,Takeout,Card,1,10.28,0.0,1 Item
120037,2025-05-06,Tuesday,12,Lunch,Drive-Thru,Card,1,8.59,0.0,1 Item
120038,2025-05-31,Saturday,0,Late Night,Drive-Thru,Cash,1,4.37,0.0,1 Item
120039,2025-05-28,Wednesday,11,Lunch,Drive-Thru,MobilePay,1,4.89,0.0,1 Item
120040,2025-05-22,Thursday,11,Lunch,Dine-In,Unknown,1,10.25,0.0,1 Item
120041,2025-07-04,Friday,14,Lunch,Dine-In,Card,1,10.74,0.0,1 Item
120042,2025-05-25,Sunday,20,Dinner,Takeout,Card,1,8.94,0.0,1 Item
120043,2025-08-07,Thursday,17,Afternoon,Takeout,Cash,1,5.31,0.0,1 Item
120044,2025-06-28,Saturday,21,Dinner,Unknown,MobilePay,1,9.99,0.0,1 Item
120045,2025-08-03,Sunday,12,Lunch,Delivery,Card,1,8.74,0.0,1 Item
120046,2025-07-01,Tuesday,18,Dinner,Dine-In,GiftCard,1,3.88,0.0,1 Item
120047,2025-07-16,Wednesday,9,Breakfast,Drive-Thru,MobilePay,1,2.36,0.0,1 Item
120048,2025-06-13,Friday,21,Dinner,Delivery,Card,1,9.4,0.0,1 Item
120049,2025-05-17,Saturday,12,Lunch,Dine-In,GiftCard,2,8.42,1.98,2 Items
120050,2025-05-13,Tuesday,14,Lunch,Drive-Thru,MobilePay,1,2.98,0.0,1 Item
120051,2025-06-15,Sunday,18,Dinner,Delivery,Card,1,5.57,0.0,1 Item
120052,2025-07-30,Wednesday,9,Breakfast,Drive-Thru,Card,1,1.59,0.0,1 Item
120053,2025-06-26,Thursday,13,Lunch,Delivery,Card,1,8.5,0.0,1 Item
120054,2025-04-21,Monday,10,Breakfast,Drive-Thru,MobilePay,1,2.27,0.0,1 Item
120055,2025-04-16,Wednesday,17,Afternoon,Takeout,Card,2,4.36,0.0,2 Items
120056,2025-07-08,Tuesday,21,Dinner,Drive-Thru,Card,1,5.85,0.0,1 Item
120057,2025-06-23,Monday,10,Breakfast,Takeout,Card,1,5.35,0.0,1 Item
120058,2025-07-26,Saturday,15,Afternoon,Takeout,Card,1,4.18,0.0,1 Item
120059,2025-04-11,Friday,16,Afternoon,Takeout,Card,3,7.29,0.0,3 Items
120060,2025-05-19,Monday,17,Afternoon,Dine-In,Card,1,2.23,0.0,1 Item
120061,2025-04-22,Tuesday,6,Breakfast,Takeout,Unknown,1,5.29,0.0,1 Item
120062,2025-06-10,Tuesday,21,Dinner,Takeout,Card,1,8.69,0.0,1 Item
120063,2025-06-08,Sunday,17,Afternoon,Dine-In,Card,1,1.89,0.0,1 Item
120064,2025-05-12,Monday,5,Breakfast,Drive-Thru,Cash,1,2.21,0.0,1 Item
120065,2025-07-21,Monday,14,Lunch,Drive-Thru,Card,1,5.41,0.0,1 Item
120066,2025-05-09,Friday,18,Dinner,Dine-In,Card,1,9.13,0.0,1 Item
120067,2025-04-27,Sunday,22,Late Night,Drive-Thru,Cash,1,5.21,0.0,1 Item
120068,2025-06-03,Tuesday,6,Breakfast,Takeout,Card,2,6.64,0.0,2 Items
120069,2025-06-14,Saturday,14,Lunch,Drive-Thru,Card,1,8.78,0.0,1 Item
120070,2025-05-04,Sunday,20,Dinner,Dine-In,Card,1,9.49,0.0,1 Item
120071,2025-07-31,Thursday,13,Lunch,Takeout,Cash,1,10.09,0.0,1 Item
120072,2025-07-30,Wednesday,14,Lunch,Drive-Thru,Card,1,10.69,0.0,1 Item
120073,2025-07-08,Tuesday,6,Breakfast,Dine-In,MobilePay,1,4.07,0.0,1 Item
120074,2025-08-01,Friday,8,Breakfast,Takeout,Card,1,3.46,0.57,1 Item
120075,2025-04-30,Wednesday,17,Afternoon,Takeout,MobilePay,1,4.52,0.0,1 Item
120076,2025-05-11,Sunday,8,Breakfast,Delivery,Card,1,3.24,0.0,1 Item
120077,2025-04-22,Tuesday,10,Morning,Takeout,Card,1,4.12,0.0,1 Item
120078,2025-05-16,Friday,8,Breakfast,Dine-In,Card,1,4.3,0.0,1 Item
120079,2025-06-27,Friday,9,Breakfast,Takeout,Card,1,2.5,0.41,1 Item
120080,2025-04-28,Monday,14,Lunch,Dine-In,Cash,1,10.72,0.0,1 Item
120081,2025-05-31,Saturday,18,Dinner,Takeout,Card,1,6.39,0.0,1 Item
120082,2025-06-06,Friday,7,Breakfast,Drive-Thru,Card,1,5.17,0.0,1 Item
120083,2025-07-30,Wednesday,5,Breakfast,Drive-Thru,Card,1,1.91,0.0,1 Item
120084,2025-08-07,Thursday,17,Afternoon,Dine-In,Card,1,2.78,0.0,1 Item
120085,2025-06-21,Saturday,14,Lunch,Takeout,Card,1,10.37,0.0,1 Item
120086,2025-05-14,Wednesday,21,Dinner,Delivery,MobilePay,1,5.09,0.0,1 Item
120087,2025-08-05,Tuesday,12,Lunch,Drive-Thru,Card,1,10.25,0.0,1 Item
120088,2025-04-29,Tuesday,13,Lunch,Drive-Thru,Card,1,9.86,0.0,1 Item
120089,2025-05-08,Thursday,13,Lunch,Dine-In,GiftCard,1,5.52,0.0,1 Item
120090,2025-05-19,Monday,11,Morning,Drive-Thru,Card,1,2.04,0.0,1 Item
120091,2025-06-21,Saturday,11,Lunch,Dine-In,Card,2,4.3,0.0,2 Items
120092,2025-05-11,Sunday,15,Afternoon,Dine-In,Card,2,10.28,0.0,2 Items
120093,2025-05-28,Wednesday,13,Lunch,Drive-Thru,Card,1,3.32,0.0,1 Item
120094,2025-05-14,Wednesday,13,Lunch,Drive-Thru,Card,1,9.32,0.0,1 Item
120095,2025-04-11,Friday,13,Lunch,Dine-In,Cash,1,9.04,0.0,1 Item
120096,2025-04-13,Sunday,11,Lunch,Dine-In,Card,1,10.75,0.0,1 Item
120097,2025-07-31,Thursday,11,Lunch,Takeout,Card,2,12.4,0.0,2 Items
120098,2025-06-13,Friday,6,Breakfast,Dine-In,MobilePay,1,3.5,0.0,1 Item
120099,2025-04-11,Friday,8,Breakfast,Drive-Thru,Unknown,1,3.25,0.0,1 Item
120100,2025-06-24,Tuesday,18,Dinner,Delivery,Card,1,8.9,0.0,1 Item
120101,2025-06-27,Friday,20,Dinner,Dine-In,Card,1,9.03,0.0,1 Item
120102,2025-05-23,Friday,10,Breakfast,Drive-Thru,Card,1,4.39,0.73,1 Item
120103,2025-07-07,Monday,17,Afternoon,Takeout,Card,1,3.84,0.0,1 Item
120104,2025-06-17,Tuesday,12,Lunch,Dine-In,Card,1,9.76,0.0,1 Item
120105,2025-06-25,Wednesday,13,Lunch,Dine-In,Card,3,29.64,0.0,3 Items
120106,2025-05-28,Wednesday,14,Lunch,Drive-Thru,GiftCard,1,3.42,0.0,1 Item
120107,2025-05-12,Monday,20,Dinner,Unknown,Card,1,6.51,0.0,1 Item
120108,2025-07-20,Sunday,1,Late Night,Drive-Thru,Card,1,3.42,0.0,1 Item
120109,2025-04-24,Thursday,12,Lunch,Dine-In,Unknown,1,10.7,0.0,1 Item
120110,2025-05-19,Monday,14,Lunch,Drive-Thru,Unknown,1,5.04,0.0,1 Item
120111,2025-04-22,Tuesday,10,Breakfast,Drive-Thru,Card,3,10.39,0.0,3 Items
120112,2025-08-08,Friday,20,Dinner,Delivery,Card,1,6.2,0.0,1 Item
120113,2025-06-12,Thursday,13,Lunch,Takeout,Card,1,11.95,0.0,1 Item
120114,2025-07-15,Tuesday,19,Dinner,Drive-Thru,Card,1,10.02,0.0,1 Item
120115,2025-07-01,Tuesday,17,Afternoon,Dine-In,Card,1,2.99,0.0,1 Item
120116,2025-07-23,Wednesday,10,Breakfast,Drive-Thru,Card,1,1.91,0.0,1 Item
120117,2025-07-12,Saturday,18,Dinner,Drive-Thru,Card,1,9.49,0.0,1 Item
120118,2025-04-12,Saturday,15,Afternoon,Dine-In,Cash,1,1.58,0.37,1 Item
120119,2025-05-08,Thursday,20,Dinner,Drive-Thru,Cash,1,6.43,0.0,1 Item
120120,2025-06-26,Thursday,14,Lunch,Dine-In,Card,1,6.51,0.0,1 Item
120121,2025-07-23,Wednesday,14,Lunch,Dine-In,Cash,1,5.03,0.0,1 Item
120122,2025-05-30,Friday,19,Dinner,Drive-Thru,Card,2,4.43,0.0,2 Items
120123,2025-05-31,Saturday,20,Dinner,Takeout,Cash,1,5.06,0.0,1 Item
120124,2025-05-29,Thursday,12,Lunch,Dine-In,Cash,1,11.15,0.0,1 Item
120125,2025-05-19,Monday,1,Late Night,Drive-Thru,Card,1,7.05,0.0,1 Item
120126,2025-04-24,Thursday,12,Lunch,Dine-In,Unknown,1,8.71,0.0,1 Item
120127,2025-07-04,Friday,11,Lunch,Delivery,Card,3,15.44,0.0,3 Items
120128,2025-06-12,Thursday,23,Late Night,Takeout,MobilePay,1,3.93,0.9,1 Item
120129,2025-06-28,Saturday,17,Afternoon,Drive-Thru,MobilePay,1,2.96,0.0,1 Item
120130,2025-05-05,Monday,17,Afternoon,Drive-Thru,Card,1,2.15,0.0,1 Item
120131,2025-06-15,Sunday,6,Breakfast,Takeout,Cash,1,5.13,0.0,1 Item
120132,2025-05-22,Thursday,7,Breakfast,Drive-Thru,Card,1,3.16,0.0,1 Item
120133,2025-06-13,Friday,11,Morning,Dine-In,Cash,1,2.22,0.0,1 Item
120134,2025-07-06,Sunday,7,Breakfast,Dine-In,Card,1,1.83,0.0,1 Item
120135,2025-06-28,Saturday,1,Late Night,Delivery,Card,1,3.05,0.0,1 Item
120136,2025-05-01,Thursday,23,Late Night,Takeout,Cash,1,6.94,0.0,1 Item
120137,2025-04-30,Wednesday,21,Dinner,Dine-In,Card,1,6.02,0.0,1 Item
120138,2025-04-30,Wednesday,13,Lunch,Drive-Thru,Card,1,5.63,0.0,1 Item
120139,2025-06-15,Sunday,22,Late Night,Takeout,Cash,1,2.18,0.0,1 Item
120140,2025-04-11,Friday,10,Breakfast,Takeout,Card,1,2.22,0.0,1 Item
120141,2025-07-19,Saturday,17,Afternoon,Dine-In,Card,2,3.96,0.0,2 Items
120142,2025-08-09,Saturday,12,Lunch,Drive-Thru,Cash,2,8.53,0.0,2 Items
120143,2025-05-23,Friday,16,Afternoon,Takeout,MobilePay,1,2.78,0.0,1 Item
120144,2025-06-17,Tuesday,12,Lunch,Takeout,Card,1,9.76,0.0,1 Item
120145,2025-04-27,Sunday,8,Breakfast,Drive-Thru,Card,1,4.12,0.2,1 Item
120146,2025-07-26,Saturday,11,Lunch,Takeout,GiftCard,1,11.04,0.0,1 Item
120147,2025-04-27,Sunday,11,Lunch,Drive-Thru,Cash,1,5.33,0.0,1 Item
120148,2025-05-25,Sunday,12,Lunch,Dine-In,Cash,2,5.38,0.0,2 Items
120149,2025-06-29,Sunday,6,Breakfast,Drive-Thru,Card,1,4.06,0.0,1 Item
120150,2025-08-09,Saturday,11,Lunch,Delivery,Card,1,3.17,0.0,1 Item
120151,2025-04-17,Thursday,18,Dinner,Delivery,MobilePay,1,5.0,0.0,1 Item
120152,2025-06-24,Tuesday,7,Breakfast,Drive-Thru,Cash,1,3.1,0.15,1 Item
120153,2025-04-27,Sunday,15,Afternoon,Delivery,Card,2,5.85,0.0,2 Items
120154,2025-05-29,Thursday,5,Breakfast,Dine-In,Card,1,2.2,0.0,1 Item
120155,2025-07-23,Wednesday,12,Lunch,Dine-In,Cash,2,18.55,0.0,2 Items
120156,2025-07-26,Saturday,12,Lunch,Takeout,Cash,1,2.06,0.0,1 Item
120157,2025-08-08,Friday,16,Afternoon,Drive-Thru,MobilePay,2,7.1,0.0,2 Items
120158,2025-04-14,Monday,6,Breakfast,Delivery,Card,1,6.0,0.0,1 Item
120159,2025-05-17,Saturday,17,Afternoon,Dine-In,Card,1,4.19,0.0,1 Item
120160,2025-06-16,Monday,13,Lunch,Dine-In,GiftCard,1,9.52,0.0,1 Item
120161,2025-08-09,Saturday,18,Dinner,Dine-In,Card,2,12.09,0.0,2 Items
120162,2025-07-31,Thursday,11,Morning,Delivery,Card,2,3.64,0.85,2 Items
120163,2025-07-02,Wednesday,17,Afternoon,Takeout,Cash,2,3.58,0.0,2 Items
120164,2025-08-09,Saturday,1,Late Night,Drive-Thru,Card,1,2.82,0.29,1 Item
120165,2025-05-06,Tuesday,11,Lunch,Takeout,Cash,1,5.77,0.0,1 Item
120166,2025-07-06,Sunday,12,Lunch,Dine-In,MobilePay,1,6.48,0.0,1 Item
120167,2025-04-28,Monday,10,Breakfast,Drive-Thru,Cash,1,2.45,0.0,1 Item
120168,2025-05-30,Friday,19,Dinner,Dine-In,MobilePay,1,6.05,0.0,1 Item
120169,2025-07-31,Thursday,18,Dinner,Drive-Thru,Card,2,11.51,0.0,2 Items
120170,2025-05-14,Wednesday,8,Breakfast,Dine-In,Card,1,2.91,0.0,1 Item
120171,2025-04-18,Friday,10,Morning,Takeout,Card,1,1.83,0.0,1 Item
120172,2025-06-10,Tuesday,9,Breakfast,Drive-Thru,Card,1,3.41,0.0,1 Item
120173,2025-05-26,Monday,7,Breakfast,Drive-Thru,MobilePay,1,3.63,0.0,1 Item
120174,2025-08-09,Saturday,13,Lunch,Dine-In,Card,2,19.99,0.0,2 Items
120175,2025-06-23,Monday,1,Late Night,Delivery,Card,1,5.15,0.0,1 Item
120176,2025-04-27,Sunday,15,Afternoon,Delivery,Card,2,10.58,0.0,2 Items
120177,2025-07-22,Tuesday,20,Dinner,Dine-In,GiftCard,2,13.87,0.0,2 Items
120178,2025-08-03,Sunday,21,Dinner,Takeout,Card,1,9.11,0.0,1 Item
120179,2025-06-30,Monday,13,Lunch,Dine-In,MobilePay,2,13.8,0.0,2 Items
120180,2025-06-15,Sunday,15,Afternoon,Takeout,GiftCard,2,7.07,0.0,2 Items
120181,2025-04-26,Saturday,10,Breakfast,Takeout,Card,1,2.95,0.0,1 Item
120182,2025-06-23,Monday,19,Dinner,Dine-In,Card,1,5.32,0.0,1 Item
120183,2025-06-21,Saturday,9,Breakfast,Drive-Thru,MobilePay,1,4.09,0.0,1 Item
120184,2025-06-13,Friday,23,Late Night,Drive-Thru,Card,1,6.21,0.0,1 Item
120185,2025-05-31,Saturday,13,Lunch,Takeout,MobilePay,1,5.04,0.0,1 Item
120186,2025-07-28,Monday,16,Afternoon,Drive-Thru,MobilePay,1,3.23,0.0,1 Item
120187,2025-06-10,Tuesday,7,Breakfast,Dine-In,MobilePay,1,3.22,0.0,1 Item
120188,2025-06-17,Tuesday,10,Morning,Dine-In,MobilePay,2,9.05,0.0,2 Items
120189,2025-07-16,Wednesday,6,Breakfast,Dine-In,Card,1,1.53,0.0,1 Item
120190,2025-06-10,Tuesday,0,Late Night,Drive-Thru,Card,1,1.88,0.2,1 Item
120191,2025-07-24,Thursday,12,Lunch,Dine-In,Card,3,9.37,0.0,3 Items
120192,2025-06-20,Friday,18,Dinner,Drive-Thru,GiftCard,1,10.76,0.0,1 Item
120193,2025-06-04,Wednesday,10,Morning,Drive-Thru,Cash,1,1.76,0.0,1 Item
120194,2025-06-27,Friday,19,Dinner,Delivery,Card,2,6.99,0.0,2 Items
120195,2025-04-16,Wednesday,0,Late Night,Takeout,Card,1,1.6,0.0,1 Item
120196,2025-07-16,Wednesday,11,Lunch,Takeout,Card,1,4.56,0.0,1 Item
120197,2025-06-08,Sunday,20,Dinner,Dine-In,Card,1,9.17,0.0,1 Item
120198,2025-06-09,Monday,14,Lunch,Takeout,Cash,1,2.62,0.0,1 Item
120199,2025-04-26,Saturday,5,Breakfast,Takeout,Cash,1,3.73,0.0,1 Item
120200,2025-07-24,Thursday,19,Dinner,Delivery,Card,1,5.88,0.0,1 Item
120201,2025-06-17,Tuesday,16,Afternoon,Takeout,Card,1,5.52,0.0,1 Item
120202,2025-05-22,Thursday,11,Lunch,Drive-Thru,Card,3,32.32,0.0,3 Items
120203,2025-08-08,Friday,10,Morning,Drive-Thru,Cash,1,2.24,0.0,1 Item
120204,2025-07-18,Friday,5,Breakfast,Takeout,Cash,2,5.72,0.0,2 Items
120205,2025-05-08,Thursday,10,Morning,Takeout,Card,1,1.8,0.0,1 Item
120206,2025-04-15,Tuesday,9,Breakfast,Drive-Thru,Card,2,13.18,0.0,2 Items
120207,2025-04-20,Sunday,10,Breakfast,Drive-Thru,Cash,1,3.4,0.0,1 Item
120208,2025-05-30,Friday,18,Dinner,Drive-Thru,Card,1,9.45,0.0,1 Item
120209,2025-07-30,Wednesday,21,Dinner,Delivery,Card,3,31.77,0.0,3 Items
120210,2025-05-20,Tuesday,0,Late Night,Drive-Thru,Cash,2,6.1,0.0,2 Items
120211,2025-05-04,Sunday,10,Breakfast,Takeout,MobilePay,1,3.14,0.0,1 Item
120212,2025-07-16,Wednesday,15,Afternoon,Takeout,Card,1,3.25,0.0,1 Item
120213,2025-05-07,Wednesday,5,Breakfast,Takeout,Cash,2,3.4,0.0,2 Items
120214,2025-04-14,Monday,23,Late Night,Drive-Thru,GiftCard,1,2.79,0.0,1 Item
120215,2025-05-22,Thursday,11,Morning,Drive-Thru,Card,1,3.7,0.0,1 Item
120216,2025-04-17,Thursday,17,Afternoon,Drive-Thru,Cash,1,1.8,0.0,1 Item
120217,2025-07-03,Thursday,15,Afternoon,Dine-In,MobilePay,2,10.75,0.0,2 Items
120218,2025-06-21,Saturday,21,Dinner,Dine-In,Cash,1,4.72,0.0,1 Item
120219,2025-07-15,Tuesday,19,Dinner,Unknown,Cash,1,5.88,0.0,1 Item
120220,2025-07-21,Monday,18,Dinner,Takeout,Card,1,4.1,0.0,1 Item
120221,2025-06-01,Sunday,9,Breakfast,Takeout,MobilePay,1,4.79,0.0,1 Item
120222,2025-04-16,Wednesday,12,Lunch,Drive-Thru,Card,1,10.95,0.0,1 Item
120223,2025-05-18,Sunday,12,Lunch,Dine-In,Card,1,2.26,0.23,1 Item
120224,2025-04-11,Friday,15,Afternoon,Dine-In,Card,1,2.75,0.0,1 Item
120225,2025-08-07,Thursday,14,Lunch,Takeout,Cash,1,10.29,0.0,1 Item
120226,2025-04-26,Saturday,11,Lunch,Takeout,Card,1,6.08,0.0,1 Item
120227,2025-05-30,Friday,12,Lunch,Dine-In,Cash,1,10.21,0.0,1 Item
120228,2025-07-16,Wednesday,18,Dinner,Drive-Thru,MobilePay,1,2.75,0.13,1 Item
120229,2025-05-22,Thursday,5,Breakfast,Takeout,Card,1,5.64,0.0,1 Item
120230,2025-06-24,Tuesday,10,Morning,Takeout,Card,1,1.79,0.0,1 Item
120231,2025-04-17,Thursday,18,Dinner,Delivery,MobilePay,2,22.12,0.0,2 Items
120232,2025-07-03,Thursday,19,Dinner,Takeout,Card,2,18.21,0.0,2 Items
120233,2025-06-09,Monday,20,Dinner,Drive-Thru,Card,1,5.82,0.0,1 Item
120234,2025-06-04,Wednesday,20,Dinner,Dine-In,Card,1,6.58,0.0,1 Item
120235,2025-06-09,Monday,11,Lunch,Dine-In,Card,1,5.08,0.0,1 Item
120236,2025-06-09,Monday,14,Lunch,Dine-In,MobilePay,1,4.17,0.0,1 Item
120237,2025-05-29,Thursday,17,Afternoon,Delivery,Card,1,2.93,0.0,1 Item
120238,2025-06-05,Thursday,16,Afternoon,Delivery,MobilePay,1,1.91,0.0,1 Item
120239,2025-04-16,Wednesday,9,Breakfast,Drive-Thru,Card,1,2.26,0.0,1 Item
120240,2025-05-12,Monday,21,Dinner,Takeout,Cash,1,5.41,0.0,1 Item
120241,2025-05-11,Sunday,10,Morning,Dine-In,Card,1,3.33,0.0,1 Item
120242,2025-06-20,Friday,23,Late Night,Drive-Thru,Card,3,22.23,0.0,3 Items
120243,2025-06-05,Thursday,8,Breakfast,Drive-Thru,Cash,1,2.19,0.0,1 Item
120244,2025-08-05,Tuesday,10,Breakfast,Drive-Thru,Cash,2,9.68,0.0,2 Items
120245,2025-06-05,Thursday,19,Dinner,Delivery,Card,1,9.9,0.0,1 Item
120246,2025-05-31,Saturday,20,Dinner,Delivery,Card,1,6.59,0.0,1 Item
120247,2025-07-26,Saturday,13,Lunch,Drive-Thru,Card,1,9.68,0.0,1 Item
120248,2025-06-22,Sunday,10,Morning,Dine-In,Card,1,4.48,0.0,1 Item
120249,2025-06-25,Wednesday,12,Lunch,Dine-In,MobilePay,1,10.18,0.0,1 Item
120250,2025-07-25,Friday,18,Dinner,Takeout,Card,1,2.72,0.0,1 Item
120251,2025-06-03,Tuesday,8,Breakfast,Dine-In,Unknown,3,12.33,0.0,3 Items
120252,2025-07-07,Monday,15,Afternoon,Dine-In,Card,1,2.67,0.0,1 Item
120253,2025-05-09,Friday,20,Dinner,Delivery,MobilePay,1,5.04,1.15,1 Item
120254,2025-05-30,Friday,11,Lunch,Delivery,Card,1,3.03,0.0,1 Item
120255,2025-05-24,Saturday,19,Dinner,Delivery,Card,1,1.99,0.0,1 Item
120256,2025-04-13,Sunday,16,Afternoon,Takeout,Card,1,1.92,0.0,1 Item
120257,2025-06-04,Wednesday,21,Dinner,Dine-In,Card,2,19.04,0.0,2 Items
120258,2025-06-20,Friday,9,Breakfast,Dine-In,Cash,1,3.71,0.0,1 Item
120259,2025-06-29,Sunday,21,Dinner,Delivery,Card,1,9.68,0.0,1 Item
120260,2025-06-09,Monday,19,Dinner,Takeout,Card,1,0.0,0.0,1 Item
120261,2025-04-29,Tuesday,20,Dinner,Drive-Thru,Card,1,6.1,0.0,1 Item
120262,2025-05-14,Wednesday,20,Dinner,Drive-Thru,Cash,1,7.62,0.0,1 Item
120263,2025-08-07,Thursday,23,Late Night,Takeout,Cash,1,3.08,0.0,1 Item
120264,2025-04-24,Thursday,12,Lunch,Drive-Thru,Card,2,17.72,0.0,2 Items
120265,2025-05-07,Wednesday,10,Morning,Drive-Thru,Card,1,3.11,0.0,1 Item
120266,2025-04-21,Monday,19,Dinner,Delivery,Card,1,6.35,0.0,1 Item
120267,2025-06-07,Saturday,10,Morning,Takeout,GiftCard,1,3.15,0.0,1 Item
120268,2025-06-14,Saturday,19,Dinner,Takeout,Cash,1,5.99,0.0,1 Item
120269,2025-05-25,Sunday,19,Dinner,Dine-In,Card,1,6.09,0.0,1 Item
120270,2025-06-02,Monday,16,Afternoon,Delivery,MobilePay,1,5.83,0.0,1 Item
120271,2025-07-16,Wednesday,5,Breakfast,Drive-Thru,Card,1,4.88,0.0,1 Item
120272,2025-08-02,Saturday,20,Dinner,Drive-Thru,Card,1,5.77,0.28,1 Item
120273,2025-06-03,Tuesday,10,Morning,Drive-Thru,Card,1,2.65,0.0,1 Item
120274,2025-05-25,Sunday,14,Lunch,Drive-Thru,Card,1,2.22,0.0,1 Item
120275,2025-06-13,Friday,14,Lunch,Drive-Thru,GiftCard,1,10.96,0.0,1 Item
120276,2025-05-28,Wednesday,12,Lunch,Takeout,Card,1,6.88,0.0,1 Item
120277,2025-04-26,Saturday,10,Breakfast,Drive-Thru,Card,1,5.08,0.0,1 Item
120278,2025-07-11,Friday,18,Dinner,Delivery,Card,1,9.67,0.0,1 Item
120279,2025-07-12,Saturday,14,Lunch,Takeout,Card,1,4.64,0.0,1 Item
120280,2025-05-18,Sunday,12,Lunch,Drive-Thru,Card,1,5.78,0.0,1 Item
120281,2025-07-19,Saturday,20,Dinner,Drive-Thru,Card,1,6.08,0.0,1 Item
120282,2025-04-20,Sunday,20,Dinner,Delivery,Card,1,9.95,0.0,1 Item
120283,2025-04-16,Wednesday,11,Lunch,Dine-In,Card,1,9.23,0.0,1 Item
120284,2025-04-18,Friday,14,Lunch,Takeout,Cash,1,5.62,0.57,1 Item
120285,2025-06-20,Friday,12,Lunch,Delivery,Card,1,4.88,0.79,1 Item
120286,2025-06-20,Friday,12,Lunch,Takeout,GiftCard,1,10.75,0.0,1 Item
120287,2025-05-14,Wednesday,15,Afternoon,Takeout,Cash,4,7.66,0.0,4+ Items
120288,2025-04-24,Thursday,10,Morning,Drive-Thru,MobilePay,1,1.89,0.0,1 Item
120289,2025-05-29,Thursday,10,Morning,Dine-In,Card,1,1.91,0.0,1 Item
120290,2025-08-08,Friday,20,Dinner,Drive-Thru,GiftCard,2,21.56,0.0,2 Items
120291,2025-06-22,Sunday,20,Dinner,Drive-Thru,Card,1,9.26,0.0,1 Item
120292,2025-05-21,Wednesday,11,Lunch,Takeout,MobilePay,1,10.28,0.0,1 Item
120293,2025-05-02,Friday,9,Breakfast,Delivery,Card,1,3.49,0.0,1 Item
120294,2025-07-25,Friday,18,Dinner,Takeout,Card,1,10.48,0.0,1 Item
120295,2025-07-22,Tuesday,6,Breakfast,Dine-In,Unknown,1,1.87,0.0,1 Item
120296,2025-08-09,Saturday,14,Lunch,Takeout,Card,1,9.79,0.0,1 Item
120297,2025-08-05,Tuesday,15,Afternoon,Delivery,MobilePay,1,3.56,0.0,1 Item
120298,2025-05-06,Tuesday,0,Late Night,Dine-In,Card,1,6.87,0.0,1 Item
120299,2025-07-14,Monday,10,Morning,Delivery,Card,2,8.38,0.0,2 Items
120300,2025-06-07,Saturday,17,Afternoon,Takeout,MobilePay,1,1.9,0.0,1 Item
120301,2025-06-28,Saturday,13,Lunch,Delivery,Card,1,5.67,0.0,1 Item
120302,2025-08-06,Wednesday,15,Afternoon,Drive-Thru,MobilePay,1,1.96,0.0,1 Item
120303,2025-07-02,Wednesday,20,Dinner,Dine-In,Cash,1,5.78,0.0,1 Item
120304,2025-04-21,Monday,16,Afternoon,Takeout,Card,1,3.04,0.0,1 Item
120305,2025-08-06,Wednesday,14,Lunch,Dine-In,Card,1,9.11,0.0,1 Item
120306,2025-04-21,Monday,11,Lunch,Drive-Thru,Cash,1,8.68,1.44,1 Item
120307,2025-05-03,Saturday,14,Lunch,Dine-In,Card,1,6.01,0.0,1 Item
120308,2025-07-01,Tuesday,9,Breakfast,Delivery,Card,1,3.8,0.88,1 Item
120309,2025-06-28,Saturday,12,Lunch,Delivery,Card,1,1.73,0.4,1 Item
120310,2025-04-17,Thursday,9,Breakfast,Takeout,Card,2,3.31,0.0,2 Items
120311,2025-07-24,Thursday,17,Afternoon,Drive-Thru,Cash,1,3.2,0.0,1 Item
120312,2025-05-26,Monday,21,Dinner,Delivery,Card,1,10.57,0.0,1 Item
120313,2025-08-01,Friday,22,Late Night,Drive-Thru,Cash,1,6.03,0.0,1 Item
120314,2025-05-14,Wednesday,11,Morning,Drive-Thru,Cash,3,6.04,0.0,3 Items
120315,2025-05-31,Saturday,11,Lunch,Takeout,GiftCard,1,6.24,0.0,1 Item
120316,2025-07-16,Wednesday,14,Lunch,Takeout,Card,1,5.99,0.3,1 Item
120317,2025-04-17,Thursday,21,Dinner,Takeout,Card,1,10.42,0.0,1 Item
120318,2025-08-05,Tuesday,15,Afternoon,Delivery,Card,2,3.81,0.0,2 Items
120319,2025-06-01,Sunday,17,Afternoon,Dine-In,Card,2,4.6,0.0,2 Items
120320,2025-05-08,Thursday,20,Dinner,Takeout,Card,1,4.86,0.0,1 Item
120321,2025-04-22,Tuesday,13,Lunch,Dine-In,Card,1,9.99,0.0,1 Item
120322,2025-05-25,Sunday,23,Late Night,Drive-Thru,Card,1,5.76,0.0,1 Item
120323,2025-05-06,Tuesday,12,Lunch,Drive-Thru,Card,1,7.2,0.0,1 Item
120324,2025-04-23,Wednesday,16,Afternoon,Delivery,Card,2,5.04,0.0,2 Items
120325,2025-08-08,Friday,11,Lunch,Dine-In,Card,1,5.61,0.0,1 Item
120326,2025-05-20,Tuesday,22,Late Night,Dine-In,Cash,1,6.48,0.0,1 Item
120327,2025-05-13,Tuesday,20,Dinner,Drive-Thru,Card,3,15.32,0.0,3 Items
120328,2025-06-01,Sunday,8,Breakfast,Unknown,Unknown,1,2.16,0.0,1 Item
120329,2025-07-06,Sunday,15,Afternoon,Drive-Thru,Unknown,1,2.23,0.0,1 Item
120330,2025-06-25,Wednesday,13,Lunch,Takeout,Cash,1,1.85,0.0,1 Item
120331,2025-07-02,Wednesday,17,Afternoon,Dine-In,Cash,2,4.23,0.0,2 Items
120332,2025-04-25,Friday,14,Lunch,Dine-In,Card,1,10.22,0.0,1 Item
120333,2025-07-22,Tuesday,8,Breakfast,Takeout,MobilePay,1,3.3,0.0,1 Item
120334,2025-05-25,Sunday,9,Breakfast,Drive-Thru,Card,1,3.06,0.0,1 Item
120335,2025-07-05,Saturday,6,Breakfast,Dine-In,Unknown,1,3.47,0.0,1 Item
120336,2025-05-26,Monday,20,Dinner,Drive-Thru,Cash,1,9.63,0.0,1 Item
120337,2025-05-21,Wednesday,0,Late Night,Dine-In,Card,1,4.8,0.0,1 Item
120338,2025-05-14,Wednesday,21,Dinner,Dine-In,MobilePay,1,5.05,0.0,1 Item
120339,2025-07-31,Thursday,12,Lunch,Takeout,Card,1,5.56,0.0,1 Item
120340,2025-08-03,Sunday,16,Afternoon,Drive-Thru,Card,2,6.26,0.0,2 Items
120341,2025-07-19,Saturday,13,Lunch,Dine-In,Card,2,22.14,0.0,2 Items
120342,2025-06-11,Wednesday,13,Lunch,Takeout,MobilePay,2,13.87,0.0,2 Items
120343,2025-06-03,Tuesday,8,Breakfast,Drive-Thru,Cash,1,3.1,0.72,1 Item
120344,2025-06-12,Thursday,9,Breakfast,Dine-In,Unknown,1,2.29,0.0,1 Item
120345,2025-06-16,Monday,7,Breakfast,Delivery,MobilePay,2,4.11,0.0,2 Items
120346,2025-06-24,Tuesday,16,Afternoon,Takeout,Card,3,11.21,0.0,3 Items
120347,2025-04-17,Thursday,13,Lunch,Takeout,Card,1,5.64,0.0,1 Item
120348,2025-04-18,Friday,11,Morning,Takeout,Card,1,3.81,0.0,1 Item
120349,2025-06-10,Tuesday,20,Dinner,Drive-Thru,Card,1,5.81,0.0,1 Item
120350,2025-06-03,Tuesday,17,Afternoon,Takeout,Card,1,3.13,0.0,1 Item
120351,2025-07-04,Friday,19,Dinner,Delivery,MobilePay,1,11.48,0.0,1 Item
120352,2025-06-13,Friday,9,Breakfast,Takeout,MobilePay,2,6.96,0.0,2 Items
120353,2025-04-11,Friday,19,Dinner,Drive-Thru,MobilePay,1,5.29,0.26,1 Item
120354,2025-05-27,Tuesday,17,Afternoon,Drive-Thru,Card,1,3.98,0.0,1 Item
120355,2025-06-24,Tuesday,21,Dinner,Drive-Thru,Card,1,8.75,0.0,1 Item
120356,2025-05-08,Thursday,8,Breakfast,Takeout,MobilePay,1,4.1,0.0,1 Item
120357,2025-07-06,Sunday,16,Afternoon,Takeout,Cash,2,3.51,0.0,2 Items
120358,2025-04-30,Wednesday,10,Morning,Takeout,Cash,1,2.09,0.0,1 Item
120359,2025-06-24,Tuesday,17,Afternoon,Takeout,Card,1,3.93,0.0,1 Item
120360,2025-08-03,Sunday,13,Lunch,Delivery,GiftCard,1,4.48,0.47,1 Item
120361,2025-05-12,Monday,11,Morning,Takeout,MobilePay,1,2.35,0.0,1 Item
120362,2025-06-03,Tuesday,17,Afternoon,Delivery,MobilePay,2,8.09,0.0,2 Items
120363,2025-06-27,Friday,19,Dinner,Dine-In,MobilePay,1,5.94,0.0,1 Item
120364,2025-08-04,Monday,19,Dinner,Drive-Thru,Card,1,4.77,0.24,1 Item
120365,2025-07-22,Tuesday,10,Breakfast,Takeout,Card,1,3.79,0.18,1 Item
120366,2025-04-14,Monday,21,Dinner,Delivery,Card,1,2.06,0.0,1 Item
120367,2025-05-04,Sunday,7,Breakfast,Drive-Thru,Card,1,3.27,0.0,1 Item
120368,2025-08-01,Friday,11,Morning,Dine-In,GiftCard,1,1.65,0.0,1 Item
120369,2025-07-15,Tuesday,7,Breakfast,Drive-Thru,Card,1,1.98,0.0,1 Item
120370,2025-06-05,Thursday,0,Late Night,Delivery,Card,3,8.04,0.4,3 Items
120371,2025-07-28,Monday,15,Afternoon,Takeout,Card,1,1.95,0.0,1 Item
120372,2025-07-25,Friday,21,Dinner,Drive-Thru,Card,1,5.32,0.0,1 Item
120373,2025-05-14,Wednesday,17,Afternoon,Takeout,MobilePay,1,2.29,0.0,1 Item
120374,2025-05-07,Wednesday,11,Lunch,Delivery,Card,1,9.23,0.96,1 Item
120375,2025-08-07,Thursday,13,Lunch,Delivery,Card,1,8.6,0.0,1 Item
120376,2025-07-14,Monday,16,Afternoon,Drive-Thru,Cash,3,16.87,0.0,3 Items
120377,2025-05-22,Thursday,18,Dinner,Delivery,Card,1,6.51,0.0,1 Item
120378,2025-07-08,Tuesday,14,Lunch,Takeout,MobilePay,1,10.99,0.0,1 Item
120379,2025-08-02,Saturday,19,Dinner,Dine-In,Card,1,9.47,0.0,1 Item
120380,2025-07-10,Thursday,10,Morning,Dine-In,MobilePay,1,3.57,0.0,1 Item
120381,2025-08-04,Monday,17,Afternoon,Dine-In,MobilePay,2,7.79,0.0,2 Items
120382,2025-05-28,Wednesday,10,Morning,Drive-Thru,MobilePay,2,6.84,0.0,2 Items
120383,2025-07-13,Sunday,19,Dinner,Dine-In,Card,1,8.76,0.0,1 Item
120384,2025-05-10,Saturday,13,Lunch,Dine-In,GiftCard,1,9.23,0.0,1 Item
120385,2025-07-10,Thursday,14,Lunch,Drive-Thru,Card,1,1.88,0.0,1 Item
120386,2025-07-05,Saturday,18,Dinner,Drive-Thru,Card,1,9.22,0.0,1 Item
120387,2025-06-12,Thursday,18,Dinner,Delivery,Card,1,10.14,0.0,1 Item
120388,2025-05-14,Wednesday,21,Dinner,Takeout,MobilePay,1,6.6,0.0,1 Item
120389,2025-08-07,Thursday,10,Morning,Drive-Thru,Card,1,3.33,0.0,1 Item
120390,2025-04-14,Monday,14,Lunch,Takeout,Card,1,6.48,0.0,1 Item
120391,2025-06-18,Wednesday,12,Lunch,Drive-Thru,Card,1,9.31,0.0,1 Item
120392,2025-05-07,Wednesday,20,Dinner,Delivery,Card,4,11.74,0.0,4+ Items
120393,2025-05-30,Friday,22,Late Night,Takeout,Cash,1,4.99,0.0,1 Item
120394,2025-04-13,Sunday,21,Dinner,Drive-Thru,Cash,1,11.43,0.0,1 Item
120395,2025-07-21,Monday,5,Breakfast,Dine-In,Card,1,2.3,0.0,1 Item
120396,2025-07-04,Friday,10,Morning,Delivery,MobilePay,1,1.75,0.0,1 Item
120397,2025-08-06,Wednesday,20,Dinner,Dine-In,Card,1,3.07,0.0,1 Item
120398,2025-06-29,Sunday,23,Late Night,Dine-In,Cash,1,5.8,0.0,1 Item
120399,2025-07-20,Sunday,21,Dinner,Dine-In,MobilePay,1,10.65,0.0,1 Item
120400,2025-04-18,Friday,14,Lunch,Takeout,Card,1,9.97,0.0,1 Item
120401,2025-06-03,Tuesday,18,Dinner,Takeout,MobilePay,1,8.78,0.0,1 Item
120402,2025-06-18,Wednesday,11,Lunch,Drive-Thru,Cash,1,6.58,0.0,1 Item
120403,2025-05-09,Friday,14,Lunch,Takeout,Unknown,1,5.12,0.0,1 Item
120404,2025-04-20,Sunday,17,Afternoon,Delivery,Card,1,2.97,0.0,1 Item
120405,2025-07-14,Monday,21,Dinner,Delivery,Card,1,11.02,0.0,1 Item
120406,2025-04-21,Monday,14,Lunch,Dine-In,Cash,1,2.54,0.0,1 Item
120407,2025-06-19,Thursday,8,Breakfast,Drive-Thru,MobilePay,1,1.55,0.0,1 Item
120408,2025-04-11,Friday,13,Lunch,Takeout,Card,1,10.1,0.0,1 Item
120409,2025-04-25,Friday,0,Late Night,Drive-Thru,Cash,2,7.04,0.0,2 Items
120410,2025-07-14,Monday,11,Lunch,Drive-Thru,Card,2,12.4,0.6,2 Items
120411,2025-05-03,Saturday,18,Dinner,Delivery,MobilePay,2,6.37,0.0,2 Items
120412,2025-07-27,Sunday,18,Dinner,Dine-In,Card,1,6.35,0.0,1 Item
120413,2025-06-17,Tuesday,11,Lunch,Drive-Thru,Card,1,9.86,0.0,1 Item
120414,2025-06-18,Wednesday,21,Dinner,Drive-Thru,Card,1,10.36,0.0,1 Item
120415,2025-08-05,Tuesday,12,Lunch,Dine-In,Cash,1,9.68,0.0,1 Item
120416,2025-07-05,Saturday,9,Breakfast,Dine-In,Card,1,6.09,0.0,1 Item
120417,2025-06-01,Sunday,13,Lunch,Takeout,Card,1,6.11,0.0,1 Item
120418,2025-07-07,Monday,20,Dinner,Drive-Thru,MobilePay,1,9.74,0.0,1 Item
120419,2025-07-11,Friday,20,Dinner,Delivery,MobilePay,1,9.61,0.0,1 Item
120420,2025-07-30,Wednesday,18,Dinner,Drive-Thru,Card,1,10.42,0.0,1 Item
120421,2025-06-17,Tuesday,19,Dinner,Dine-In,Cash,2,13.88,0.0,2 Items
120422,2025-06-18,Wednesday,15,Afternoon,Takeout,Card,4,21.41,0.0,4+ Items
120423,2025-07-13,Sunday,19,Dinner,Takeout,Card,1,6.35,0.0,1 Item
120424,2025-06-12,Thursday,14,Lunch,Dine-In,Cash,1,5.11,0.0,1 Item
120425,2025-05-11,Sunday,18,Dinner,Drive-Thru,Cash,1,10.59,0.0,1 Item
120426,2025-04-12,Saturday,9,Breakfast,Takeout,Card,1,4.0,0.0,1 Item
120427,2025-06-03,Tuesday,7,Breakfast,Dine-In,GiftCard,1,4.18,0.0,1 Item
120428,2025-07-02,Wednesday,21,Dinner,Dine-In,MobilePay,1,7.02,0.0,1 Item
120429,2025-08-01,Friday,14,Lunch,Delivery,MobilePay,1,4.27,0.0,1 Item
120430,2025-07-22,Tuesday,11,Morning,Drive-Thru,Card,1,1.76,0.0,1 Item
120431,2025-06-22,Sunday,20,Dinner,Dine-In,MobilePay,1,5.01,0.24,1 Item
120432,2025-04-29,Tuesday,16,Afternoon,Drive-Thru,Cash,1,2.28,0.0,1 Item
120433,2025-08-09,Saturday,15,Afternoon,Takeout,MobilePay,1,4.61,0.0,1 Item
120434,2025-06-25,Wednesday,21,Dinner,Drive-Thru,Cash,2,10.7,0.0,2 Items
120435,2025-04-28,Monday,17,Afternoon,Drive-Thru,GiftCard,2,7.97,0.0,2 Items
120436,2025-07-16,Wednesday,10,Breakfast,Drive-Thru,Cash,1,4.99,0.0,1 Item
120437,2025-05-14,Wednesday,17,Afternoon,Dine-In,Card,1,4.55,0.0,1 Item
120438,2025-04-14,Monday,8,Breakfast,Takeout,Card,3,11.75,0.0,3 Items
120439,2025-06-15,Sunday,5,Breakfast,Drive-Thru,Card,1,1.99,0.0,1 Item
120440,2025-05-21,Wednesday,21,Dinner,Dine-In,Card,2,8.82,0.92,2 Items
120441,2025-07-03,Thursday,14,Lunch,Delivery,Card,1,4.05,0.0,1 Item
120442,2025-05-26,Monday,12,Lunch,Dine-In,Cash,1,8.6,0.0,1 Item
120443,2025-05-27,Tuesday,8,Breakfast,Drive-Thru,Unknown,1,1.54,0.0,1 Item
120444,2025-05-30,Friday,18,Dinner,Dine-In,Card,1,2.47,0.0,1 Item
120445,2025-07-27,Sunday,14,Lunch,Drive-Thru,Card,2,11.18,0.0,2 Items
120446,2025-04-26,Saturday,11,Lunch,Dine-In,Card,1,6.36,0.0,1 Item
120447,2025-05-31,Saturday,12,Lunch,Dine-In,MobilePay,2,9.97,0.0,2 Items
120448,2025-04-29,Tuesday,1,Late Night,Dine-In,Card,1,4.45,0.0,1 Item
120449,2025-07-03,Thursday,19,Dinner,Dine-In,MobilePay,1,2.2,0.52,1 Item
120450,2025-06-29,Sunday,13,Lunch,Takeout,GiftCard,1,8.97,0.0,1 Item
120451,2025-05-28,Wednesday,19,Dinner,Takeout,Cash,1,6.51,0.0,1 Item
120452,2025-06-22,Sunday,11,Lunch,Dine-In,Cash,2,11.2,0.0,2 Items
120453,2025-05-15,Thursday,13,Lunch,Drive-Thru,Unknown,1,3.04,0.0,1 Item
120454,2025-04-26,Saturday,22,Late Night,Drive-Thru,Cash,1,6.02,0.0,1 Item
120455,2025-06-30,Monday,19,Dinner,Drive-Thru,Card,1,8.66,0.0,1 Item
120456,2025-05-14,Wednesday,14,Lunch,Delivery,Card,2,19.31,0.0,2 Items
120457,2025-06-20,Friday,10,Morning,Dine-In,Card,1,1.81,0.0,1 Item
120458,2025-07-11,Friday,13,Lunch,Dine-In,Card,2,17.57,0.0,2 Items
120459,2025-07-14,Monday,7,Breakfast,Drive-Thru,Card,1,4.93,0.0,1 Item
120460,2025-04-15,Tuesday,14,Lunch,Takeout,Cash,1,9.02,0.0,1 Item
120461,2025-06-12,Thursday,21,Dinner,Dine-In,Cash,1,9.15,0.0,1 Item
120462,2025-06-18,Wednesday,18,Dinner,Drive-Thru,Card,1,10.22,0.0,1 Item
120463,2025-06-20,Friday,18,Dinner,Dine-In,MobilePay,1,7.17,0.73,1 Item
120464,2025-07-25,Friday,9,Breakfast,Dine-In,Cash,1,3.4,0.0,1 Item
120465,2025-05-10,Saturday,17,Afternoon,Takeout,Card,2,7.89,0.0,2 Items
120466,2025-05-14,Wednesday,18,Dinner,Dine-In,MobilePay,1,10.37,0.0,1 Item
120467,2025-07-13,Sunday,5,Breakfast,Dine-In,Card,1,3.58,0.0,1 Item
120468,2025-07-27,Sunday,12,Lunch,Takeout,GiftCard,3,29.22,0.0,3 Items
120469,2025-05-24,Saturday,14,Lunch,Delivery,Card,1,10.33,0.0,1 Item
120470,2025-07-15,Tuesday,12,Lunch,Delivery,Card,1,9.79,0.0,1 Item
120471,2025-07-11,Friday,20,Dinner,Dine-In,Card,1,2.37,0.0,1 Item
120472,2025-07-22,Tuesday,15,Afternoon,Dine-In,Card,1,2.74,0.0,1 Item
120473,2025-05-20,Tuesday,15,Afternoon,Delivery,Card,1,2.5,0.0,1 Item
120474,2025-04-14,Monday,20,Dinner,Dine-In,Cash,1,9.01,0.0,1 Item
120475,2025-05-08,Thursday,20,Dinner,Drive-Thru,MobilePay,1,2.3,0.0,1 Item
120476,2025-07-08,Tuesday,20,Dinner,Takeout,Cash,2,20.55,0.0,2 Items
120477,2025-06-12,Thursday,10,Morning,Takeout,GiftCard,1,2.09,0.0,1 Item
120478,2025-06-16,Monday,7,Breakfast,Delivery,Card,1,2.55,0.0,1 Item
120479,2025-06-20,Friday,20,Dinner,Drive-Thru,Card,1,5.27,0.0,1 Item
120480,2025-04-27,Sunday,12,Lunch,Dine-In,Card,2,21.15,0.0,2 Items
120481,2025-07-10,Thursday,8,Breakfast,Drive-Thru,Card,1,2.86,0.0,1 Item
120482,2025-06-27,Friday,16,Afternoon,Takeout,Unknown,1,2.24,0.36,1 Item
120483,2025-07-25,Friday,9,Breakfast,Drive-Thru,Card,1,4.12,0.0,1 Item
120484,2025-05-07,Wednesday,0,Late Night,Takeout,Card,1,3.19,0.0,1 Item
120485,2025-04-20,Sunday,18,Dinner,Drive-Thru,Card,2,18.7,0.0,2 Items
120486,2025-05-10,Saturday,5,Breakfast,Drive-Thru,MobilePay,1,1.87,0.0,1 Item
120487,2025-04-12,Saturday,18,Dinner,Takeout,Cash,1,9.49,0.0,1 Item
120488,2025-05-06,Tuesday,18,Dinner,Dine-In,Card,1,10.01,0.0,1 Item
120489,2025-05-24,Saturday,12,Lunch,Dine-In,MobilePay,2,15.22,0.0,2 Items
120490,2025-07-01,Tuesday,17,Afternoon,Dine-In,MobilePay,1,2.05,0.0,1 Item
120491,2025-08-03,Sunday,19,Dinner,Drive-Thru,Card,1,9.27,2.15,1 Item
120492,2025-04-13,Sunday,12,Lunch,Takeout,Card,2,12.36,0.0,2 Items
120493,2025-05-06,Tuesday,10,Morning,Dine-In,Cash,1,1.79,0.0,1 Item
120494,2025-05-26,Monday,16,Afternoon,Delivery,Card,1,5.88,0.0,1 Item
120495,2025-05-18,Sunday,21,Dinner,Delivery,Card,1,6.53,0.0,1 Item
120496,2025-07-17,Thursday,21,Dinner,Delivery,Card,1,5.81,0.0,1 Item
120497,2025-06-04,Wednesday,11,Lunch,Dine-In,Cash,1,4.89,1.13,1 Item
120498,2025-07-25,Friday,9,Breakfast,Drive-Thru,Card,1,2.29,0.0,1 Item
120499,2025-06-25,Wednesday,12,Lunch,Delivery,Card,2,8.62,0.0,2 Items
120500,2025-07-07,Monday,14,Lunch,Dine-In,Card,3,17.05,0.0,3 Items
120501,2025-05-19,Monday,17,Afternoon,Takeout,Card,2,5.07,0.0,2 Items
120502,2025-05-02,Friday,20,Dinner,Drive-Thru,Card,1,5.5,0.0,1 Item
120503,2025-05-28,Wednesday,13,Lunch,Delivery,MobilePay,1,6.41,0.0,1 Item
120504,2025-05-17,Saturday,19,Dinner,Delivery,Card,2,6.42,0.0,2 Items
120505,2025-06-04,Wednesday,23,Late Night,Drive-Thru,MobilePay,1,5.22,0.55,1 Item
120506,2025-06-16,Monday,23,Late Night,Drive-Thru,GiftCard,1,1.79,0.0,1 Item
120507,2025-08-04,Monday,17,Afternoon,Delivery,MobilePay,1,1.83,0.0,1 Item
120508,2025-07-09,Wednesday,18,Dinner,Takeout,Card,1,4.94,0.0,1 Item
120509,2025-06-12,Thursday,7,Breakfast,Unknown,Card,1,1.83,0.0,1 Item
120510,2025-06-20,Friday,11,Morning,Takeout,Card,1,0.0,0.0,1 Item
120511,2025-06-20,Friday,8,Breakfast,Drive-Thru,Card,1,3.36,0.0,1 Item
120512,2025-05-07,Wednesday,21,Dinner,Drive-Thru,Cash,1,5.98,0.0,1 Item
120513,2025-07-30,Wednesday,14,Lunch,Dine-In,Card,3,19.73,0.0,3 Items
120514,2025-04-22,Tuesday,10,Morning,Dine-In,Card,1,3.83,0.0,1 Item
120515,2025-06-09,Monday,11,Lunch,Delivery,Card,1,0.0,0.0,1 Item
120516,2025-07-28,Monday,21,Dinner,Drive-Thru,Card,1,6.24,0.0,1 Item
120517,2025-07-05,Saturday,10,Morning,Dine-In,Card,1,2.89,0.0,1 Item
120518,2025-05-04,Sunday,19,Dinner,Dine-In,Card,2,18.7,0.0,2 Items
120519,2025-06-03,Tuesday,11,Lunch,Dine-In,GiftCard,1,6.43,0.0,1 Item
120520,2025-05-02,Friday,14,Lunch,Dine-In,Card,1,5.23,0.0,1 Item
120521,2025-07-19,Saturday,12,Lunch,Unknown,Card,2,12.66,0.0,2 Items
120522,2025-06-23,Monday,16,Afternoon,Drive-Thru,Card,1,5.06,0.0,1 Item
120523,2025-04-20,Sunday,17,Afternoon,Delivery,Card,1,4.62,0.0,1 Item
120524,2025-06-15,Sunday,20,Dinner,Takeout,Card,1,8.68,0.0,1 Item
120525,2025-07-22,Tuesday,10,Morning,Takeout,Cash,1,1.37,0.0,1 Item
120526,2025-05-03,Saturday,5,Breakfast,Drive-Thru,Card,1,1.68,0.0,1 Item
120527,2025-06-09,Monday,12,Lunch,Takeout,Card,1,9.6,0.0,1 Item
120528,2025-06-25,Wednesday,13,Lunch,Drive-Thru,Card,1,4.09,0.0,1 Item
120529,2025-05-24,Saturday,19,Dinner,Takeout,Cash,1,9.5,0.0,1 Item
120530,2025-04-21,Monday,19,Dinner,Dine-In,Card,3,28.15,0.0,3 Items
120531,2025-06-25,Wednesday,20,Dinner,Takeout,GiftCard,1,8.75,0.0,1 Item
120532,2025-05-27,Tuesday,14,Lunch,Drive-Thru,Cash,1,5.69,0.0,1 Item
120533,2025-04-21,Monday,19,Dinner,Dine-In,MobilePay,1,1.85,0.0,1 Item
120534,2025-05-12,Monday,11,Lunch,Dine-In,MobilePay,1,2.98,0.15,1 Item
120535,2025-07-02,Wednesday,16,Afternoon,Takeout,Cash,1,4.25,0.0,1 Item
120536,2025-04-25,Friday,13,Lunch,Takeout,Cash,3,25.87,0.0,3 Items
120537,2025-07-31,Thursday,17,Afternoon,Takeout,Cash,1,2.96,0.0,1 Item
120538,2025-06-01,Sunday,11,Lunch,Takeout,Cash,1,6.25,0.0,1 Item
120539,2025-06-06,Friday,23,Late Night,Delivery,Card,1,6.02,0.0,1 Item
120540,2025-08-05,Tuesday,20,Dinner,Delivery,Card,2,22.28,0.0,2 Items
120541,2025-06-27,Friday,21,Dinner,Takeout,Card,1,2.74,0.0,1 Item
120542,2025-04-29,Tuesday,11,Lunch,Takeout,Card,1,6.22,0.0,1 Item
120543,2025-07-23,Wednesday,15,Afternoon,Dine-In,MobilePay,1,3.51,0.0,1 Item
120544,2025-05-19,Monday,15,Afternoon,Dine-In,MobilePay,1,3.39,0.0,1 Item
120545,2025-04-16,Wednesday,16,Afternoon,Dine-In,Card,1,2.21,0.0,1 Item
120546,2025-07-21,Monday,8,Breakfast,Dine-In,Cash,2,4.71,0.0,2 Items
120547,2025-05-20,Tuesday,10,Morning,Dine-In,Card,1,3.75,0.0,1 Item
120548,2025-06-26,Thursday,8,Breakfast,Delivery,MobilePay,2,6.43,0.0,2 Items
120549,2025-04-17,Thursday,8,Breakfast,Takeout,Card,1,1.52,0.35,1 Item
120550,2025-06-01,Sunday,12,Lunch,Dine-In,Card,1,5.83,0.0,1 Item
120551,2025-06-25,Wednesday,13,Lunch,Takeout,GiftCard,1,8.11,0.0,1 Item
120552,2025-04-11,Friday,18,Dinner,Drive-Thru,Card,1,5.34,0.0,1 Item
120553,2025-05-02,Friday,11,Morning,Dine-In,MobilePay,2,8.25,0.0,2 Items
120554,2025-04-16,Wednesday,14,Lunch,Dine-In,MobilePay,1,5.04,0.0,1 Item
120555,2025-06-20,Friday,12,Lunch,Takeout,Card,3,15.57,0.0,3 Items
120556,2025-05-21,Wednesday,14,Lunch,Delivery,Card,1,9.91,0.49,1 Item
120557,2025-05-20,Tuesday,0,Late Night,Drive-Thru,Card,1,6.03,0.0,1 Item
120558,2025-07-26,Saturday,21,Dinner,Dine-In,Card,1,6.21,0.0,1 Item
120559,2025-06-17,Tuesday,11,Morning,Takeout,Card,2,3.84,0.0,2 Items
120560,2025-05-07,Wednesday,7,Breakfast,Dine-In,Card,1,3.55,0.0,1 Item
120561,2025-07-29,Tuesday,13,Lunch,Delivery,Card,3,11.2,0.0,3 Items
120562,2025-04-30,Wednesday,12,Lunch,Takeout,Card,1,10.23,0.0,1 Item
120563,2025-06-05,Thursday,20,Dinner,Dine-In,MobilePay,1,9.54,0.0,1 Item
120564,2025-07-25,Friday,18,Dinner,Dine-In,Card,2,19.73,0.0,2 Items
120565,2025-05-19,Monday,16,Afternoon,Takeout,MobilePay,1,4.47,0.73,1 Item
120566,2025-05-19,Monday,11,Lunch,Dine-In,MobilePay,1,5.25,0.0,1 Item
120567,2025-05-30,Friday,13,Lunch,Dine-In,Card,2,5.31,0.0,2 Items
120568,2025-05-09,Friday,21,Dinner,Dine-In,Cash,1,9.25,0.45,1 Item
120569,2025-06-22,Sunday,20,Dinner,Drive-Thru,Card,1,6.07,0.0,1 Item
120570,2025-06-29,Sunday,1,Late Night,Takeout,Card,2,9.65,0.0,2 Items
120571,2025-07-16,Wednesday,21,Dinner,Dine-In,Cash,1,11.86,0.0,1 Item
120572,2025-05-02,Friday,14,Lunch,Dine-In,Card,1,6.68,0.0,1 Item
120573,2025-07-25,Friday,11,Lunch,Dine-In,Card,1,8.88,0.0,1 Item
120574,2025-05-24,Saturday,11,Morning,Dine-In,Card,1,3.71,0.0,1 Item
120575,2025-07-28,Monday,12,Lunch,Drive-Thru,Card,1,4.92,0.0,1 Item
120576,2025-05-13,Tuesday,19,Dinner,Delivery,Card,1,5.64,0.0,1 Item
120577,2025-06-10,Tuesday,11,Lunch,Dine-In,Card,2,6.12,0.0,2 Items
120578,2025-06-01,Sunday,20,Dinner,Dine-In,Card,1,10.08,0.0,1 Item
120579,2025-07-22,Tuesday,16,Afternoon,Dine-In,Cash,1,2.03,0.0,1 Item
120580,2025-04-19,Saturday,23,Late Night,Drive-Thru,MobilePay,1,6.12,1.02,1 Item
120581,2025-05-14,Wednesday,12,Lunch,Dine-In,GiftCard,1,8.81,1.47,1 Item
120582,2025-05-17,Saturday,11,Lunch,Dine-In,MobilePay,2,21.96,0.0,2 Items
120583,2025-06-10,Tuesday,11,Morning,Delivery,Card,2,3.49,0.0,2 Items
120584,2025-06-17,Tuesday,10,Morning,Dine-In,Cash,1,2.16,0.0,1 Item
120585,2025-06-11,Wednesday,14,Lunch,Dine-In,Cash,1,1.89,0.0,1 Item
120586,2025-06-20,Friday,19,Dinner,Dine-In,MobilePay,1,3.31,0.0,1 Item
120587,2025-05-27,Tuesday,10,Breakfast,Drive-Thru,Cash,1,3.88,0.0,1 Item
120588,2025-08-09,Saturday,6,Breakfast,Dine-In,Card,1,2.32,0.0,1 Item
120589,2025-04-22,Tuesday,17,Afternoon,Takeout,Cash,2,10.29,0.0,2 Items
120590,2025-06-20,Friday,16,Afternoon,Dine-In,Card,1,3.35,0.0,1 Item
120591,2025-06-11,Wednesday,1,Late Night,Drive-Thru,Card,3,6.37,0.0,3 Items
120592,2025-05-04,Sunday,11,Morning,Dine-In,MobilePay,2,4.99,0.0,2 Items
120593,2025-04-25,Friday,16,Afternoon,Dine-In,Cash,3,9.59,0.0,3 Items
120594,2025-06-21,Saturday,21,Dinner,Dine-In,Card,1,5.13,0.0,1 Item
120595,2025-07-15,Tuesday,13,Lunch,Delivery,Card,1,10.36,0.0,1 Item
120596,2025-06-18,Wednesday,11,Lunch,Delivery,GiftCard,1,9.98,0.0,1 Item
120597,2025-06-22,Sunday,11,Lunch,Dine-In,Card,1,5.65,0.0,1 Item
120598,2025-07-20,Sunday,20,Dinner,Delivery,MobilePay,1,3.47,0.0,1 Item
120599,2025-06-28,Saturday,10,Morning,Takeout,Cash,2,8.16,0.0,2 Items
120600,2025-06-17,Tuesday,22,Late Night,Delivery,Card,1,3.62,0.0,1 Item
120601,2025-05-01,Thursday,6,Breakfast,Drive-Thru,Cash,1,1.83,0.0,1 Item
120602,2025-06-27,Friday,14,Lunch,Dine-In,Card,1,5.23,0.0,1 Item
120603,2025-06-14,Saturday,6,Breakfast,Takeout,Cash,1,1.65,0.0,1 Item
120604,2025-04-22,Tuesday,19,Dinner,Dine-In,Card,1,11.17,0.0,1 Item
120605,2025-04-15,Tuesday,6,Breakfast,Dine-In,Cash,1,2.47,0.0,1 Item
120606,2025-07-02,Wednesday,15,Afternoon,Drive-Thru,Card,1,3.85,0.0,1 Item
120607,2025-04-15,Tuesday,20,Dinner,Drive-Thru,Cash,1,9.08,0.0,1 Item
120608,2025-04-11,Friday,21,Dinner,Delivery,MobilePay,1,7.45,0.0,1 Item
120609,2025-05-28,Wednesday,14,Lunch,Unknown,Card,1,6.42,0.0,1 Item
120610,2025-06-09,Monday,23,Late Night,Drive-Thru,Card,1,1.6,0.0,1 Item
120611,2025-05-18,Sunday,10,Morning,Takeout,Unknown,1,3.47,0.0,1 Item
120612,2025-06-26,Thursday,15,Afternoon,Takeout,Cash,1,2.95,0.0,1 Item
120613,2025-06-18,Wednesday,13,Lunch,Delivery,Card,2,7.99,0.82,2 Items
120614,2025-05-27,Tuesday,11,Lunch,Dine-In,MobilePay,1,12.27,0.0,1 Item
120615,2025-06-03,Tuesday,14,Lunch,Dine-In,Cash,2,10.79,0.0,2 Items
120616,2025-06-25,Wednesday,11,Lunch,Delivery,Card,1,9.14,0.0,1 Item
120617,2025-07-04,Friday,11,Morning,Dine-In,Unknown,1,4.19,0.0,1 Item
120618,2025-07-24,Thursday,18,Dinner,Dine-In,Card,1,5.05,0.0,1 Item
120619,2025-05-23,Friday,15,Afternoon,Dine-In,MobilePay,1,1.9,0.0,1 Item
120620,2025-04-17,Thursday,5,Breakfast,Takeout,Cash,2,7.49,1.21,2 Items
120621,2025-06-21,Saturday,13,Lunch,Drive-Thru,Card,2,11.07,0.0,2 Items
120622,2025-07-12,Saturday,12,Lunch,Dine-In,Cash,1,6.22,0.65,1 Item
120623,2025-08-06,Wednesday,20,Dinner,Drive-Thru,Card,2,21.21,0.0,2 Items
120624,2025-07-05,Saturday,18,Dinner,Dine-In,MobilePay,1,11.05,0.0,1 Item
120625,2025-04-30,Wednesday,20,Dinner,Delivery,MobilePay,1,9.36,0.0,1 Item
120626,2025-05-20,Tuesday,5,Breakfast,Drive-Thru,Card,1,2.57,0.42,1 Item
120627,2025-04-19,Saturday,20,Dinner,Takeout,Cash,1,10.67,0.0,1 Item
120628,2025-06-26,Thursday,17,Afternoon,Dine-In,MobilePay,1,2.15,0.0,1 Item
120629,2025-06-30,Monday,11,Morning,Takeout,Card,1,1.88,0.0,1 Item
120630,2025-05-23,Friday,0,Late Night,Drive-Thru,GiftCard,1,4.24,0.0,1 Item
120631,2025-04-24,Thursday,1,Late Night,Takeout,MobilePay,1,4.77,0.0,1 Item
120632,2025-07-04,Friday,7,Breakfast,Drive-Thru,Cash,1,3.55,0.0,1 Item
120633,2025-04-25,Friday,9,Breakfast,Dine-In,Cash,1,1.94,0.0,1 Item
120634,2025-07-03,Thursday,14,Lunch,Drive-Thru,Card,1,8.46,0.0,1 Item
120635,2025-08-06,Wednesday,11,Morning,Takeout,Card,1,1.66,0.0,1 Item
120636,2025-04-24,Thursday,14,Lunch,Drive-Thru,Cash,1,5.09,0.0,1 Item
120637,2025-04-30,Wednesday,21,Dinner,Dine-In,Cash,1,6.04,0.0,1 Item
120638,2025-07-19,Saturday,19,Dinner,Drive-Thru,Unknown,1,8.6,0.0,1 Item
120639,2025-05-23,Friday,13,Lunch,Dine-In,Card,2,18.58,0.0,2 Items
120640,2025-05-10,Saturday,8,Breakfast,Takeout,Card,1,4.64,0.0,1 Item
120641,2025-04-18,Friday,15,Afternoon,Dine-In,Card,1,3.65,0.0,1 Item
120642,2025-07-05,Saturday,19,Dinner,Dine-In,MobilePay,1,9.52,0.0,1 Item
120643,2025-07-13,Sunday,18,Dinner,Delivery,Card,1,8.28,0.0,1 Item
120644,2025-06-20,Friday,11,Morning,Delivery,Card,1,2.99,0.0,1 Item
120645,2025-05-13,Tuesday,13,Lunch,Takeout,Card,1,5.98,0.0,1 Item
120646,2025-04-12,Saturday,11,Lunch,Takeout,Card,2,16.73,0.0,2 Items
120647,2025-05-11,Sunday,0,Late Night,Dine-In,Cash,1,4.87,0.0,1 Item
120648,2025-05-23,Friday,12,Lunch,Dine-In,MobilePay,1,4.67,0.0,1 Item
120649,2025-05-15,Thursday,13,Lunch,Dine-In,GiftCard,1,10.46,0.0,1 Item
120650,2025-06-14,Saturday,5,Breakfast,Dine-In,Card,1,5.01,0.0,1 Item
120651,2025-07-17,Thursday,18,Dinner,Delivery,GiftCard,1,11.24,0.0,1 Item
120652,2025-05-07,Wednesday,19,Dinner,Takeout,Card,1,6.21,0.0,1 Item
120653,2025-05-03,Saturday,14,Lunch,Delivery,Card,1,5.01,0.0,1 Item
120654,2025-05-06,Tuesday,13,Lunch,Drive-Thru,Card,1,10.46,0.0,1 Item
120655,2025-07-27,Sunday,13,Lunch,Dine-In,Card,1,6.59,0.0,1 Item
120656,2025-05-08,Thursday,16,Afternoon,Dine-In,Cash,1,2.35,0.0,1 Item
120657,2025-08-06,Wednesday,12,Lunch,Drive-Thru,MobilePay,3,5.59,0.0,3 Items
120658,2025-06-12,Thursday,21,Dinner,Dine-In,Card,1,2.9,0.0,1 Item
120659,2025-06-26,Thursday,11,Lunch,Delivery,Card,2,10.52,0.0,2 Items
120660,2025-05-08,Thursday,21,Dinner,Takeout,Card,1,9.63,0.0,1 Item
120661,2025-05-19,Monday,19,Dinner,Dine-In,Card,1,8.84,0.0,1 Item
120662,2025-05-14,Wednesday,9,Breakfast,Takeout,Card,2,3.99,0.0,2 Items
120663,2025-08-03,Sunday,13,Lunch,Drive-Thru,Card,2,5.45,0.0,2 Items
120664,2025-06-27,Friday,10,Breakfast,Dine-In,MobilePay,1,1.53,0.35,1 Item
120665,2025-08-06,Wednesday,20,Dinner,Takeout,Card,1,5.78,0.0,1 Item
120666,2025-07-05,Saturday,13,Lunch,Delivery,MobilePay,2,10.41,0.0,2 Items
120667,2025-05-09,Friday,11,Lunch,Delivery,Card,1,6.15,0.0,1 Item
120668,2025-06-01,Sunday,15,Afternoon,Dine-In,Cash,2,4.06,0.0,2 Items
120669,2025-08-07,Thursday,14,Lunch,Dine-In,Card,1,11.38,0.0,1 Item
120670,2025-06-28,Saturday,17,Afternoon,Drive-Thru,Card,1,3.8,0.0,1 Item
120671,2025-05-21,Wednesday,1,Late Night,Dine-In,Cash,2,4.47,0.0,2 Items
120672,2025-07-04,Friday,21,Dinner,Drive-Thru,Card,1,9.93,0.0,1 Item
120673,2025-06-25,Wednesday,12,Lunch,Takeout,Card,2,11.04,0.0,2 Items
120674,2025-06-13,Friday,19,Dinner,Dine-In,Card,1,8.83,0.0,1 Item
120675,2025-05-23,Friday,10,Morning,Delivery,MobilePay,1,3.25,0.0,1 Item
120676,2025-04-23,Wednesday,19,Dinner,Drive-Thru,Card,1,8.45,0.0,1 Item
120677,2025-06-11,Wednesday,18,Dinner,Drive-Thru,MobilePay,2,6.48,0.31,2 Items
120678,2025-06-02,Monday,18,Dinner,Delivery,GiftCard,2,16.56,3.9,2 Items
120679,2025-04-23,Wednesday,7,Breakfast,Drive-Thru,Cash,1,3.1,0.0,1 Item
120680,2025-05-05,Monday,20,Dinner,Delivery,Card,1,8.53,0.88,1 Item
120681,2025-07-20,Sunday,0,Late Night,Delivery,Card,1,2.71,0.0,1 Item
120682,2025-06-05,Thursday,14,Lunch,Drive-Thru,GiftCard,1,9.95,0.0,1 Item
120683,2025-07-01,Tuesday,12,Lunch,Dine-In,MobilePay,1,10.84,0.0,1 Item
120684,2025-08-05,Tuesday,14,Lunch,Drive-Thru,Card,2,11.32,0.0,2 Items
120685,2025-05-10,Saturday,11,Morning,Drive-Thru,Card,2,8.12,0.82,2 Items
120686,2025-05-01,Thursday,11,Lunch,Delivery,Card,1,6.05,0.0,1 Item
120687,2025-07-16,Wednesday,21,Dinner,Drive-Thru,Cash,1,8.92,0.0,1 Item
120688,2025-05-05,Monday,6,Breakfast,Takeout,GiftCard,1,4.21,0.0,1 Item
120689,2025-05-04,Sunday,19,Dinner,Takeout,Card,1,9.85,0.0,1 Item
120690,2025-06-04,Wednesday,14,Lunch,Drive-Thru,Cash,2,15.68,0.0,2 Items
120691,2025-05-04,Sunday,16,Afternoon,Drive-Thru,Card,3,10.08,0.0,3 Items
120692,2025-04-30,Wednesday,14,Lunch,Takeout,Card,1,6.47,0.0,1 Item
120693,2025-04-15,Tuesday,17,Afternoon,Dine-In,Cash,1,3.57,0.0,1 Item
120694,2025-04-20,Sunday,19,Dinner,Delivery,Card,1,9.63,0.0,1 Item
120695,2025-06-24,Tuesday,1,Late Night,Takeout,Card,1,6.75,0.0,1 Item
120696,2025-04-25,Friday,18,Dinner,Takeout,Cash,2,4.36,0.0,2 Items
120697,2025-06-05,Thursday,5,Breakfast,Takeout,Cash,1,1.79,0.0,1 Item
120698,2025-06-03,Tuesday,14,Lunch,Takeout,Card,1,10.16,0.0,1 Item
120699,2025-05-28,Wednesday,20,Dinner,Delivery,Card,1,5.83,0.0,1 Item
120700,2025-04-13,Sunday,19,Dinner,Dine-In,Card,3,6.17,0.0,3 Items
120701,2025-04-22,Tuesday,19,Dinner,Takeout,Card,1,6.87,0.0,1 Item
120702,2025-07-14,Monday,11,Lunch,Takeout,Card,1,5.91,0.0,1 Item
120703,2025-05-12,Monday,10,Morning,Drive-Thru,MobilePay,1,0.0,0.0,1 Item
120704,2025-04-29,Tuesday,6,Breakfast,Drive-Thru,Card,1,2.84,0.0,1 Item
120705,2025-07-14,Monday,7,Breakfast,Takeout,MobilePay,1,4.4,1.04,1 Item
120706,2025-07-28,Monday,5,Breakfast,Dine-In,Card,3,9.92,0.0,3 Items
120707,2025-05-17,Saturday,9,Breakfast,Drive-Thru,Card,1,4.47,0.0,1 Item
120708,2025-07-08,Tuesday,10,Morning,Takeout,Cash,1,2.21,0.0,1 Item
120709,2025-04-30,Wednesday,15,Afternoon,Dine-In,Card,1,3.5,0.0,1 Item
120710,2025-07-07,Monday,14,Lunch,Dine-In,MobilePay,2,11.03,0.0,2 Items
120711,2025-06-24,Tuesday,8,Breakfast,Drive-Thru,Card,1,3.07,0.0,1 Item
120712,2025-04-27,Sunday,10,Morning,Delivery,MobilePay,1,2.72,0.0,1 Item
120713,2025-07-20,Sunday,5,Breakfast,Drive-Thru,MobilePay,1,2.14,0.0,1 Item
120714,2025-04-17,Thursday,1,Late Night,Takeout,MobilePay,1,4.77,0.0,1 Item
120715,2025-07-20,Sunday,14,Lunch,Dine-In,MobilePay,1,5.18,0.0,1 Item
120716,2025-08-08,Friday,18,Dinner,Takeout,Cash,1,9.91,0.0,1 Item
120717,2025-08-04,Monday,21,Dinner,Dine-In,Cash,1,9.34,0.0,1 Item
120718,2025-07-10,Thursday,21,Dinner,Drive-Thru,Card,2,21.09,0.0,2 Items
120719,2025-04-28,Monday,8,Breakfast,Takeout,Cash,1,5.44,0.0,1 Item
120720,2025-05-26,Monday,17,Afternoon,Dine-In,GiftCard,2,6.32,0.0,2 Items
120721,2025-05-21,Wednesday,21,Dinner,Dine-In,Cash,1,4.16,0.0,1 Item
120722,2025-05-01,Thursday,10,Morning,Delivery,Card,1,3.13,0.0,1 Item
120723,2025-05-23,Friday,12,Lunch,Dine-In,MobilePay,1,5.14,0.0,1 Item
120724,2025-07-19,Saturday,20,Dinner,Dine-In,Card,1,9.18,0.0,1 Item
120725,2025-07-22,Tuesday,20,Dinner,Takeout,MobilePay,1,6.08,0.0,1 Item
120726,2025-05-16,Friday,13,Lunch,Dine-In,Cash,1,7.84,0.0,1 Item
120727,2025-05-29,Thursday,12,Lunch,Drive-Thru,Card,1,10.16,0.0,1 Item
120728,2025-07-31,Thursday,12,Lunch,Drive-Thru,Cash,1,10.64,0.0,1 Item
120729,2025-05-19,Monday,19,Dinner,Delivery,Card,1,9.38,0.0,1 Item
120730,2025-06-25,Wednesday,5,Breakfast,Drive-Thru,MobilePay,1,2.39,0.0,1 Item
120731,2025-04-29,Tuesday,11,Morning,Takeout,Cash,1,3.24,0.0,1 Item
120732,2025-07-09,Wednesday,19,Dinner,Dine-In,MobilePay,1,10.3,0.0,1 Item
120733,2025-05-11,Sunday,14,Lunch,Takeout,Card,3,15.03,0.0,3 Items
120734,2025-06-23,Monday,5,Breakfast,Drive-Thru,Card,1,4.86,0.0,1 Item
120735,2025-07-28,Monday,23,Late Night,Drive-Thru,MobilePay,1,3.24,0.0,1 Item
120736,2025-07-27,Sunday,20,Dinner,Delivery,Card,1,6.32,0.0,1 Item
120737,2025-08-01,Friday,16,Afternoon,Dine-In,GiftCard,1,1.98,0.0,1 Item
120738,2025-05-18,Sunday,7,Breakfast,Drive-Thru,Cash,1,4.46,0.0,1 Item
120739,2025-05-30,Friday,8,Breakfast,Takeout,GiftCard,1,2.99,0.0,1 Item
120740,2025-06-02,Monday,18,Dinner,Takeout,Card,1,8.9,0.0,1 Item
120741,2025-05-10,Saturday,20,Dinner,Dine-In,Unknown,2,17.79,0.0,2 Items
120742,2025-04-26,Saturday,23,Late Night,Drive-Thru,Card,1,5.95,0.0,1 Item
120743,2025-08-08,Friday,14,Lunch,Takeout,MobilePay,1,6.94,0.0,1 Item
120744,2025-04-16,Wednesday,8,Breakfast,Delivery,Card,2,5.89,0.0,2 Items
120745,2025-05-30,Friday,1,Late Night,Drive-Thru,Card,1,2.59,0.0,1 Item
120746,2025-05-03,Saturday,11,Lunch,Takeout,GiftCard,1,9.8,1.01,1 Item
120747,2025-07-21,Monday,13,Lunch,Dine-In,Cash,2,10.54,1.07,2 Items
120748,2025-06-02,Monday,11,Lunch,Dine-In,MobilePay,1,5.46,0.0,1 Item
120749,2025-07-31,Thursday,15,Afternoon,Drive-Thru,MobilePay,1,3.78,0.0,1 Item
120750,2025-04-19,Saturday,13,Lunch,Dine-In,Cash,2,3.52,0.0,2 Items
120751,2025-07-24,Thursday,0,Late Night,Delivery,Card,1,3.27,0.0,1 Item
120752,2025-06-11,Wednesday,14,Lunch,Dine-In,Card,1,8.68,0.0,1 Item
120753,2025-04-11,Friday,14,Lunch,Dine-In,Cash,1,6.2,0.0,1 Item
120754,2025-04-12,Saturday,11,Lunch,Drive-Thru,Card,1,4.5,0.0,1 Item
120755,2025-04-15,Tuesday,13,Lunch,Drive-Thru,Card,1,11.35,0.0,1 Item
120756,2025-07-05,Saturday,17,Afternoon,Dine-In,Card,1,2.39,0.0,1 Item
120757,2025-05-27,Tuesday,19,Dinner,Dine-In,Card,1,8.49,1.41,1 Item
120758,2025-06-29,Sunday,0,Late Night,Drive-Thru,Card,1,3.21,0.0,1 Item
120759,2025-04-16,Wednesday,12,Lunch,Dine-In,Card,1,9.64,0.0,1 Item
120760,2025-08-07,Thursday,20,Dinner,Drive-Thru,Card,1,4.71,0.0,1 Item
120761,2025-06-08,Sunday,13,Lunch,Drive-Thru,MobilePay,1,4.82,0.0,1 Item
120762,2025-04-29,Tuesday,6,Breakfast,Drive-Thru,Card,1,5.32,0.0,1 Item
120763,2025-05-06,Tuesday,10,Morning,Delivery,Card,1,1.34,0.21,1 Item
120764,2025-05-15,Thursday,11,Lunch,Takeout,Card,2,3.95,0.0,2 Items
120765,2025-05-20,Tuesday,9,Breakfast,Takeout,Cash,1,1.85,0.0,1 Item
120766,2025-04-16,Wednesday,11,Lunch,Drive-Thru,Card,1,10.62,0.0,1 Item
120767,2025-05-08,Thursday,16,Afternoon,Delivery,Card,1,2.03,0.0,1 Item
120768,2025-04-16,Wednesday,14,Lunch,Dine-In,Unknown,1,8.75,0.0,1 Item
120769,2025-07-13,Sunday,22,Late Night,Delivery,Card,1,7.12,0.0,1 Item
120770,2025-05-16,Friday,11,Lunch,Dine-In,Unknown,1,9.48,0.0,1 Item
120771,2025-07-25,Friday,12,Lunch,Dine-In,Card,1,9.55,0.0,1 Item
120772,2025-04-16,Wednesday,16,Afternoon,Takeout,Cash,1,3.02,0.0,1 Item
120773,2025-04-19,Saturday,11,Lunch,Dine-In,Card,2,19.31,0.0,2 Items
120774,2025-08-02,Saturday,21,Dinner,Delivery,Card,1,11.12,0.0,1 Item
120775,2025-05-25,Sunday,22,Late Night,Dine-In,MobilePay,2,4.03,0.0,2 Items
120776,2025-06-11,Wednesday,6,Breakfast,Takeout,Card,2,7.64,0.0,2 Items
120777,2025-06-29,Sunday,9,Breakfast,Dine-In,MobilePay,1,3.19,0.0,1 Item
120778,2025-06-05,Thursday,5,Breakfast,Drive-Thru,Card,1,1.64,0.0,1 Item
120779,2025-06-01,Sunday,11,Lunch,Delivery,Card,1,6.39,0.0,1 Item
120780,2025-04-24,Thursday,10,Breakfast,Dine-In,Card,2,4.17,0.0,2 Items
120781,2025-05-12,Monday,16,Afternoon,Dine-In,Cash,1,2.66,0.43,1 Item
120782,2025-05-30,Friday,13,Lunch,Dine-In,Card,1,9.78,0.0,1 Item
120783,2025-07-26,Saturday,10,Morning,Dine-In,MobilePay,1,2.91,0.0,1 Item
120784,2025-04-24,Thursday,20,Dinner,Dine-In,Card,1,11.14,0.0,1 Item
120785,2025-07-04,Friday,17,Afternoon,Dine-In,Card,1,3.61,0.6,1 Item
120786,2025-06-16,Monday,17,Afternoon,Dine-In,Card,2,8.49,0.0,2 Items
120787,2025-04-12,Saturday,21,Dinner,Dine-In,Cash,1,9.24,0.0,1 Item
120788,2025-06-07,Saturday,8,Breakfast,Takeout,GiftCard,1,4.0,0.0,1 Item
120789,2025-06-13,Friday,10,Morning,Drive-Thru,Cash,1,1.7,0.0,1 Item
120790,2025-06-23,Monday,17,Afternoon,Dine-In,Cash,1,3.52,0.0,1 Item
120791,2025-06-15,Sunday,11,Lunch,Drive-Thru,Card,2,12.97,0.0,2 Items
120792,2025-05-28,Wednesday,19,Dinner,Dine-In,Cash,1,6.2,0.0,1 Item
120793,2025-05-01,Thursday,16,Afternoon,Takeout,MobilePay,1,3.29,0.0,1 Item
120794,2025-04-17,Thursday,18,Dinner,Drive-Thru,Cash,2,13.27,0.0,2 Items
120795,2025-06-13,Friday,5,Breakfast,Drive-Thru,Card,1,4.36,0.0,1 Item
120796,2025-05-12,Monday,8,Breakfast,Takeout,Cash,2,9.39,0.0,2 Items
120797,2025-05-09,Friday,10,Breakfast,Dine-In,Card,1,3.61,0.0,1 Item
120798,2025-06-14,Saturday,18,Dinner,Takeout,Cash,1,8.84,0.43,1 Item
120799,2025-05-14,Wednesday,12,Lunch,Dine-In,Card,1,4.88,0.0,1 Item
120800,2025-04-28,Monday,18,Dinner,Dine-In,Cash,1,3.97,0.0,1 Item
120801,2025-06-15,Sunday,9,Breakfast,Dine-In,Card,1,3.65,0.0,1 Item
120802,2025-07-07,Monday,14,Lunch,Delivery,Card,1,6.27,0.0,1 Item
120803,2025-07-02,Wednesday,12,Lunch,Dine-In,Card,1,6.33,1.44,1 Item
120804,2025-05-04,Sunday,5,Breakfast,Drive-Thru,Card,2,6.93,0.0,2 Items
120805,2025-05-16,Friday,10,Breakfast,Takeout,Cash,1,3.46,0.0,1 Item
120806,2025-07-31,Thursday,14,Lunch,Takeout,Cash,1,8.67,1.41,1 Item
120807,2025-07-01,Tuesday,14,Lunch,Takeout,MobilePay,2,19.37,0.0,2 Items
120808,2025-07-06,Sunday,11,Morning,Takeout,Card,1,4.35,0.0,1 Item
120809,2025-04-18,Friday,19,Dinner,Delivery,Card,1,9.64,0.0,1 Item
120810,2025-05-20,Tuesday,16,Afternoon,Takeout,Card,3,8.39,0.0,3 Items
120811,2025-07-16,Wednesday,7,Breakfast,Takeout,GiftCard,1,3.85,0.0,1 Item
120812,2025-07-17,Thursday,5,Breakfast,Drive-Thru,Card,1,3.83,0.0,1 Item
120813,2025-05-22,Thursday,10,Breakfast,Takeout,Card,2,13.43,0.0,2 Items
120814,2025-05-23,Friday,10,Morning,Takeout,Cash,1,4.34,0.0,1 Item
120815,2025-05-16,Friday,7,Breakfast,Drive-Thru,Cash,2,7.35,0.0,2 Items
120816,2025-07-14,Monday,21,Dinner,Drive-Thru,Card,1,4.91,0.0,1 Item
120817,2025-06-30,Monday,11,Morning,Dine-In,Card,2,5.08,0.0,2 Items
120818,2025-06-08,Sunday,14,Lunch,Drive-Thru,Card,1,5.91,0.0,1 Item
120819,2025-06-22,Sunday,20,Dinner,Dine-In,Cash,1,5.72,0.93,1 Item
120820,2025-06-04,Wednesday,11,Lunch,Dine-In,Card,2,19.32,0.0,2 Items
120821,2025-07-31,Thursday,15,Afternoon,Dine-In,MobilePay,2,5.48,0.0,2 Items
120822,2025-08-07,Thursday,11,Lunch,Dine-In,Card,1,3.54,0.0,1 Item
120823,2025-08-01,Friday,21,Dinner,Dine-In,Card,1,9.1,0.0,1 Item
120824,2025-06-03,Tuesday,21,Dinner,Drive-Thru,Card,3,13.87,0.0,3 Items
120825,2025-07-13,Sunday,21,Dinner,Drive-Thru,Card,1,10.42,0.0,1 Item
120826,2025-07-14,Monday,14,Lunch,Drive-Thru,Card,1,6.91,0.0,1 Item
120827,2025-05-31,Saturday,21,Dinner,Drive-Thru,Cash,1,4.58,0.0,1 Item
120828,2025-06-23,Monday,15,Afternoon,Takeout,Cash,1,3.22,0.0,1 Item
120829,2025-05-29,Thursday,18,Dinner,Drive-Thru,Card,1,9.81,0.0,1 Item
120830,2025-05-29,Thursday,10,Morning,Drive-Thru,Card,3,4.98,0.24,3 Items
120831,2025-06-07,Saturday,18,Dinner,Takeout,MobilePay,2,23.06,0.0,2 Items
120832,2025-04-25,Friday,17,Afternoon,Delivery,MobilePay,1,1.46,0.0,1 Item
120833,2025-04-21,Monday,13,Lunch,Dine-In,Card,1,10.23,0.0,1 Item
120834,2025-07-20,Sunday,9,Breakfast,Drive-Thru,Cash,1,1.67,0.0,1 Item
120835,2025-06-20,Friday,19,Dinner,Drive-Thru,Card,1,9.88,0.0,1 Item
120836,2025-07-29,Tuesday,12,Lunch,Takeout,Card,1,6.03,0.62,1 Item
120837,2025-04-17,Thursday,21,Dinner,Dine-In,Cash,1,7.73,1.27,1 Item
120838,2025-06-27,Friday,12,Lunch,Drive-Thru,Card,1,9.63,0.0,1 Item
120839,2025-08-02,Saturday,9,Breakfast,Dine-In,GiftCard,1,4.71,0.0,1 Item
120840,2025-07-02,Wednesday,19,Dinner,Delivery,Card,1,9.11,0.0,1 Item
120841,2025-04-27,Sunday,13,Lunch,Takeout,Card,2,10.08,1.04,2 Items
120842,2025-06-07,Saturday,13,Lunch,Drive-Thru,Card,1,10.18,0.0,1 Item
120843,2025-05-17,Saturday,13,Lunch,Drive-Thru,GiftCard,1,10.0,0.0,1 Item
120844,2025-08-07,Thursday,14,Lunch,Drive-Thru,Card,3,9.46,0.0,3 Items
120845,2025-05-16,Friday,20,Dinner,Dine-In,Card,1,7.0,0.0,1 Item
120846,2025-05-08,Thursday,20,Dinner,Delivery,Card,1,10.22,0.0,1 Item
120847,2025-07-30,Wednesday,16,Afternoon,Drive-Thru,Card,1,6.25,0.0,1 Item
120848,2025-06-01,Sunday,11,Lunch,Drive-Thru,MobilePay,1,4.6,0.0,1 Item
120849,2025-07-25,Friday,14,Lunch,Dine-In,Card,1,10.45,0.0,1 Item
120850,2025-06-27,Friday,6,Breakfast,Drive-Thru,Card,1,2.18,0.0,1 Item
120851,2025-05-06,Tuesday,18,Dinner,Drive-Thru,MobilePay,1,10.49,0.0,1 Item
120852,2025-06-17,Tuesday,17,Afternoon,Drive-Thru,MobilePay,1,3.81,0.0,1 Item
120853,2025-08-05,Tuesday,17,Afternoon,Takeout,MobilePay,3,11.49,0.0,3 Items
120854,2025-06-24,Tuesday,22,Late Night,Drive-Thru,Card,1,4.88,0.5,1 Item
120855,2025-07-25,Friday,12,Lunch,Takeout,Card,1,4.58,0.0,1 Item
120856,2025-07-28,Monday,16,Afternoon,Dine-In,MobilePay,2,6.18,0.0,2 Items
120857,2025-07-27,Sunday,13,Lunch,Drive-Thru,Unknown,1,5.92,0.0,1 Item
120858,2025-06-18,Wednesday,10,Morning,Drive-Thru,Card,1,3.12,0.32,1 Item
120859,2025-07-09,Wednesday,11,Lunch,Dine-In,Cash,1,5.03,0.0,1 Item
120860,2025-07-09,Wednesday,10,Morning,Delivery,Unknown,1,2.8,0.0,1 Item
120861,2025-06-29,Sunday,21,Dinner,Takeout,Card,1,9.15,0.0,1 Item
120862,2025-08-09,Saturday,8,Breakfast,Dine-In,MobilePay,1,5.19,0.0,1 Item
120863,2025-06-12,Thursday,7,Breakfast,Dine-In,Unknown,1,4.35,0.0,1 Item
120864,2025-04-12,Saturday,12,Lunch,Drive-Thru,Card,1,9.74,0.0,1 Item
120865,2025-05-16,Friday,19,Dinner,Drive-Thru,Card,1,1.99,0.0,1 Item
120866,2025-07-06,Sunday,17,Afternoon,Takeout,MobilePay,1,2.07,0.0,1 Item
120867,2025-05-30,Friday,10,Morning,Dine-In,MobilePay,1,2.09,0.0,1 Item
120868,2025-07-28,Monday,10,Morning,Drive-Thru,Card,2,8.31,0.0,2 Items
120869,2025-04-11,Friday,19,Dinner,Delivery,Card,1,11.05,0.0,1 Item
120870,2025-06-16,Monday,11,Morning,Drive-Thru,Card,1,2.73,0.0,1 Item
120871,2025-07-03,Thursday,11,Morning,Takeout,Cash,1,2.61,0.0,1 Item
120872,2025-06-23,Monday,5,Breakfast,Drive-Thru,MobilePay,1,3.15,0.0,1 Item
120873,2025-04-12,Saturday,0,Late Night,Takeout,GiftCard,1,2.92,0.0,1 Item
120874,2025-07-03,Thursday,11,Morning,Takeout,Card,3,5.72,0.0,3 Items
120875,2025-07-17,Thursday,9,Breakfast,Drive-Thru,Card,1,5.07,0.0,1 Item
120876,2025-04-23,Wednesday,12,Lunch,Drive-Thru,Cash,1,4.73,0.0,1 Item
120877,2025-05-04,Sunday,5,Breakfast,Drive-Thru,Cash,1,3.51,0.0,1 Item
120878,2025-08-02,Saturday,17,Afternoon,Dine-In,Card,2,8.04,0.0,2 Items
120879,2025-07-04,Friday,14,Lunch,Unknown,Card,1,2.59,0.6,1 Item
120880,2025-06-22,Sunday,20,Dinner,Dine-In,Cash,1,7.17,0.0,1 Item
120881,2025-07-19,Saturday,14,Lunch,Takeout,Card,1,9.0,0.0,1 Item
120882,2025-08-01,Friday,10,Morning,Dine-In,Card,2,2.97,0.0,2 Items
120883,2025-04-12,Saturday,12,Lunch,Takeout,Cash,1,9.6,0.0,1 Item
120884,2025-07-20,Sunday,11,Lunch,Takeout,Cash,1,6.32,0.0,1 Item
120885,2025-05-05,Monday,7,Breakfast,Drive-Thru,Card,1,3.75,0.0,1 Item
120886,2025-04-30,Wednesday,13,Lunch,Takeout,GiftCard,1,10.02,0.0,1 Item
120887,2025-04-25,Friday,11,Lunch,Dine-In,Card,1,10.52,0.0,1 Item
120888,2025-07-12,Saturday,12,Lunch,Dine-In,Cash,2,18.63,0.0,2 Items
120889,2025-05-19,Monday,7,Breakfast,Drive-Thru,MobilePay,1,3.03,0.0,1 Item
120890,2025-08-08,Friday,19,Dinner,Dine-In,MobilePay,1,10.29,0.0,1 Item
120891,2025-04-26,Saturday,18,Dinner,Takeout,Card,1,9.89,0.0,1 Item
120892,2025-06-01,Sunday,13,Lunch,Takeout,Card,1,3.41,0.0,1 Item
120893,2025-07-31,Thursday,11,Lunch,Dine-In,Cash,1,11.2,0.0,1 Item
120894,2025-04-30,Wednesday,11,Lunch,Dine-In,Cash,2,19.46,0.0,2 Items
120895,2025-05-14,Wednesday,14,Lunch,Drive-Thru,Card,2,3.88,0.0,2 Items
120896,2025-05-19,Monday,19,Dinner,Drive-Thru,Cash,1,6.44,0.0,1 Item
120897,2025-06-03,Tuesday,19,Dinner,Dine-In,Cash,1,9.6,0.0,1 Item
120898,2025-07-17,Thursday,11,Lunch,Drive-Thru,Card,1,6.33,0.0,1 Item
120899,2025-06-04,Wednesday,7,Breakfast,Drive-Thru,Card,1,5.0,0.0,1 Item
120900,2025-07-27,Sunday,19,Dinner,Drive-Thru,Card,1,10.78,0.0,1 Item
120901,2025-06-17,Tuesday,11,Lunch,Dine-In,Card,1,10.57,0.0,1 Item
120902,2025-07-04,Friday,18,Dinner,Drive-Thru,MobilePay,1,6.21,0.0,1 Item
120903,2025-06-15,Sunday,17,Afternoon,Delivery,Card,3,13.47,0.0,3 Items
120904,2025-06-30,Monday,20,Dinner,Dine-In,MobilePay,1,10.85,0.0,1 Item
120905,2025-07-12,Saturday,11,Lunch,Drive-Thru,Card,3,18.75,0.0,3 Items
120906,2025-08-01,Friday,8,Breakfast,Drive-Thru,Card,1,3.02,0.0,1 Item
120907,2025-06-23,Monday,6,Breakfast,Takeout,MobilePay,1,4.39,0.0,1 Item
120908,2025-05-30,Friday,11,Lunch,Takeout,Cash,1,9.38,0.0,1 Item
120909,2025-07-15,Tuesday,23,Late Night,Dine-In,Card,1,5.11,0.0,1 Item
120910,2025-07-30,Wednesday,17,Afternoon,Takeout,Card,1,3.29,0.0,1 Item
120911,2025-08-03,Sunday,10,Morning,Takeout,Card,1,1.55,0.0,1 Item
120912,2025-04-16,Wednesday,21,Dinner,Takeout,Cash,2,7.0,0.0,2 Items
120913,2025-06-17,Tuesday,19,Dinner,Takeout,MobilePay,1,11.56,0.0,1 Item
120914,2025-06-27,Friday,12,Lunch,Takeout,Cash,1,9.16,0.0,1 Item
120915,2025-06-19,Thursday,10,Morning,Dine-In,MobilePay,1,3.55,0.0,1 Item
120916,2025-06-28,Saturday,9,Breakfast,Dine-In,Card,1,4.2,0.0,1 Item
120917,2025-07-06,Sunday,19,Dinner,Delivery,Card,1,9.62,0.0,1 Item
120918,2025-05-09,Friday,13,Lunch,Delivery,Card,1,9.34,0.0,1 Item
120919,2025-06-14,Saturday,15,Afternoon,Dine-In,MobilePay,1,3.09,0.0,1 Item
120920,2025-05-17,Saturday,21,Dinner,Takeout,Card,1,6.45,0.0,1 Item
120921,2025-06-02,Monday,20,Dinner,Dine-In,Cash,1,9.31,0.0,1 Item
120922,2025-05-29,Thursday,15,Afternoon,Dine-In,Card,2,3.75,0.0,2 Items
120923,2025-05-20,Tuesday,12,Lunch,Delivery,Cash,2,4.56,0.0,2 Items
120924,2025-05-09,Friday,21,Dinner,Drive-Thru,Card,2,4.4,0.0,2 Items
120925,2025-05-11,Sunday,8,Breakfast,Dine-In,Cash,1,4.97,0.0,1 Item
120926,2025-05-15,Thursday,9,Breakfast,Dine-In,MobilePay,1,1.61,0.0,1 Item
120927,2025-07-03,Thursday,8,Breakfast,Drive-Thru,Card,1,2.14,0.0,1 Item
120928,2025-05-22,Thursday,7,Breakfast,Drive-Thru,Cash,1,5.05,0.0,1 Item
120929,2025-05-08,Thursday,6,Breakfast,Dine-In,Card,1,3.33,0.0,1 Item
120930,2025-04-30,Wednesday,14,Lunch,Dine-In,MobilePay,1,5.92,0.0,1 Item
120931,2025-04-24,Thursday,20,Dinner,Dine-In,GiftCard,4,15.79,0.78,4+ Items
120932,2025-07-10,Thursday,6,Breakfast,Drive-Thru,GiftCard,1,3.11,0.0,1 Item
120933,2025-07-04,Friday,16,Afternoon,Takeout,Cash,1,2.97,0.0,1 Item
120934,2025-08-09,Saturday,6,Breakfast,Delivery,Cash,2,6.45,0.67,2 Items
120935,2025-07-22,Tuesday,10,Morning,Takeout,Card,1,3.34,0.0,1 Item
120936,2025-05-16,Friday,21,Dinner,Dine-In,Card,3,25.74,0.0,3 Items
120937,2025-04-27,Sunday,10,Breakfast,Takeout,Cash,1,2.21,0.0,1 Item
120938,2025-05-08,Thursday,19,Dinner,Delivery,GiftCard,1,2.06,0.0,1 Item
120939,2025-07-02,Wednesday,6,Breakfast,Dine-In,MobilePay,1,3.18,0.0,1 Item
120940,2025-04-19,Saturday,21,Dinner,Drive-Thru,Card,2,6.06,0.0,2 Items
120941,2025-07-17,Thursday,12,Lunch,Dine-In,Card,1,10.36,0.0,1 Item
120942,2025-07-21,Monday,10,Morning,Drive-Thru,Card,1,4.66,0.0,1 Item
120943,2025-04-21,Monday,14,Lunch,Dine-In,Cash,1,10.12,0.0,1 Item
120944,2025-07-05,Saturday,11,Morning,Takeout,Card,1,1.82,0.19,1 Item
120945,2025-04-13,Sunday,10,Breakfast,Takeout,Card,1,2.94,0.0,1 Item
120946,2025-07-22,Tuesday,1,Late Night,Takeout,Card,1,5.56,0.0,1 Item
120947,2025-06-22,Sunday,8,Breakfast,Drive-Thru,Card,1,5.21,0.0,1 Item
120948,2025-07-16,Wednesday,14,Lunch,Dine-In,Card,1,6.85,0.0,1 Item
120949,2025-06-27,Friday,5,Breakfast,Takeout,Card,2,10.37,0.0,2 Items
120950,2025-07-13,Sunday,20,Dinner,Delivery,Card,2,9.48,0.0,2 Items
120951,2025-08-06,Wednesday,11,Morning,Delivery,Card,1,2.1,0.0,1 Item
120952,2025-07-30,Wednesday,21,Dinner,Delivery,Card,1,5.56,0.0,1 Item
120953,2025-05-11,Sunday,11,Morning,Dine-In,Card,1,4.25,0.0,1 Item
120954,2025-06-16,Monday,12,Lunch,Takeout,Card,1,2.87,0.0,1 Item
120955,2025-07-28,Monday,14,Lunch,Drive-Thru,Card,1,5.74,0.93,1 Item
120956,2025-07-15,Tuesday,11,Lunch,Dine-In,Card,2,20.34,0.0,2 Items
120957,2025-07-15,Tuesday,5,Breakfast,Takeout,Card,1,3.92,0.0,1 Item
120958,2025-07-20,Sunday,16,Afternoon,Drive-Thru,MobilePay,1,3.18,0.33,1 Item
120959,2025-06-28,Saturday,10,Breakfast,Drive-Thru,Cash,1,3.66,0.0,1 Item
120960,2025-04-22,Tuesday,20,Dinner,Dine-In,Cash,1,10.52,0.0,1 Item
120961,2025-06-03,Tuesday,21,Dinner,Delivery,Card,1,10.64,0.0,1 Item
120962,2025-05-28,Wednesday,13,Lunch,Drive-Thru,Cash,1,9.23,0.0,1 Item
120963,2025-06-15,Sunday,10,Breakfast,Dine-In,Card,1,4.19,0.0,1 Item
120964,2025-04-29,Tuesday,22,Late Night,Drive-Thru,Cash,3,9.14,0.0,3 Items
120965,2025-06-05,Thursday,18,Dinner,Drive-Thru,GiftCard,1,3.78,0.0,1 Item
120966,2025-06-06,Friday,0,Late Night,Dine-In,Card,1,2.09,0.0,1 Item
120967,2025-07-29,Tuesday,17,Afternoon,Drive-Thru,Card,2,4.1,0.0,2 Items
120968,2025-08-03,Sunday,16,Afternoon,Takeout,Cash,1,3.14,0.0,1 Item
120969,2025-06-28,Saturday,14,Lunch,Drive-Thru,Card,1,9.97,0.0,1 Item
120970,2025-06-01,Sunday,12,Lunch,Drive-Thru,Card,1,4.92,0.82,1 Item
120971,2025-06-01,Sunday,10,Morning,Drive-Thru,GiftCard,1,3.29,0.0,1 Item
120972,2025-05-28,Wednesday,11,Lunch,Delivery,Card,2,12.78,0.0,2 Items
120973,2025-07-27,Sunday,19,Dinner,Delivery,MobilePay,2,10.97,0.0,2 Items
120974,2025-06-07,Saturday,19,Dinner,Delivery,Card,1,9.84,0.0,1 Item
120975,2025-07-24,Thursday,20,Dinner,Delivery,Card,2,6.74,1.54,2 Items
120976,2025-04-24,Thursday,20,Dinner,Drive-Thru,Cash,2,5.93,0.0,2 Items
120977,2025-05-26,Monday,13,Lunch,Delivery,Card,1,8.48,0.0,1 Item
120978,2025-07-30,Wednesday,8,Breakfast,Dine-In,MobilePay,1,3.73,0.0,1 Item
120979,2025-06-08,Sunday,5,Breakfast,Drive-Thru,Cash,1,3.46,0.0,1 Item
120980,2025-06-15,Sunday,16,Afternoon,Takeout,Card,3,17.01,0.0,3 Items
120981,2025-07-12,Saturday,19,Dinner,Drive-Thru,Card,1,6.42,0.0,1 Item
120982,2025-05-21,Wednesday,7,Breakfast,Takeout,MobilePay,1,3.32,0.0,1 Item
120983,2025-06-10,Tuesday,16,Afternoon,Delivery,Card,1,3.33,0.0,1 Item
120984,2025-08-02,Saturday,15,Afternoon,Drive-Thru,Card,1,2.23,0.0,1 Item
120985,2025-04-17,Thursday,18,Dinner,Dine-In,Card,2,18.9,0.0,2 Items
120986,2025-04-18,Friday,21,Dinner,Takeout,Cash,1,10.84,0.0,1 Item
120987,2025-05-16,Friday,9,Breakfast,Dine-In,Card,1,3.55,0.0,1 Item
120988,2025-07-31,Thursday,18,Dinner,Dine-In,Cash,1,9.13,0.0,1 Item
120989,2025-07-09,Wednesday,20,Dinner,Delivery,Card,2,11.56,0.0,2 Items
120990,2025-06-21,Saturday,15,Afternoon,Dine-In,Cash,4,21.86,0.0,4+ Items
120991,2025-08-08,Friday,18,Dinner,Drive-Thru,Cash,1,9.01,0.0,1 Item
120992,2025-04-14,Monday,11,Morning,Takeout,MobilePay,1,1.97,0.0,1 Item
120993,2025-05-25,Sunday,10,Morning,Takeout,Cash,1,2.01,0.0,1 Item
120994,2025-06-30,Monday,8,Breakfast,Dine-In,Card,1,1.8,0.0,1 Item
120995,2025-04-16,Wednesday,10,Morning,Takeout,Cash,1,1.95,0.0,1 Item
120996,2025-07-18,Friday,10,Morning,Takeout,Unknown,1,2.41,0.0,1 Item
120997,2025-08-06,Wednesday,9,Breakfast,Drive-Thru,MobilePay,1,2.34,0.11,1 Item
120998,2025-06-30,Monday,12,Lunch,Takeout,Cash,1,10.62,0.0,1 Item
120999,2025-07-15,Tuesday,10,Breakfast,Takeout,Cash,2,3.43,0.0,2 Items
121000,2025-04-17,Thursday,14,Lunch,Dine-In,Unknown,2,22.93,0.0,2 Items
121001,2025-05-22,Thursday,11,Morning,Takeout,Card,1,1.99,0.0,1 Item
121002,2025-08-08,Friday,12,Lunch,Takeout,Cash,1,9.83,0.0,1 Item
121003,2025-07-31,Thursday,14,Lunch,Dine-In,Cash,1,5.91,0.0,1 Item
121004,2025-07-30,Wednesday,9,Breakfast,Drive-Thru,GiftCard,1,5.38,0.0,1 Item
121005,2025-06-21,Saturday,12,Lunch,Dine-In,Cash,1,2.98,0.0,1 Item
121006,2025-07-31,Thursday,14,Lunch,Drive-Thru,GiftCard,1,3.71,0.0,1 Item
121007,2025-04-23,Wednesday,9,Breakfast,Drive-Thru,Card,2,5.83,1.36,2 Items
121008,2025-07-05,Saturday,21,Dinner,Dine-In,Cash,1,6.37,0.66,1 Item
121009,2025-06-01,Sunday,0,Late Night,Dine-In,MobilePay,1,4.04,0.0,1 Item
121010,2025-06-16,Monday,11,Lunch,Dine-In,Card,1,5.81,0.0,1 Item
121011,2025-06-09,Monday,7,Breakfast,Drive-Thru,Cash,1,3.54,0.0,1 Item
121012,2025-04-21,Monday,16,Afternoon,Takeout,Card,2,3.75,0.38,2 Items
121013,2025-06-28,Saturday,5,Breakfast,Drive-Thru,Cash,1,4.18,0.0,1 Item
121014,2025-08-02,Saturday,14,Lunch,Drive-Thru,Card,1,11.67,0.0,1 Item
121015,2025-06-22,Sunday,20,Dinner,Dine-In,Card,2,15.86,0.0,2 Items
121016,2025-05-08,Thursday,15,Afternoon,Takeout,Card,1,1.47,0.0,1 Item
121017,2025-06-06,Friday,14,Lunch,Drive-Thru,Card,2,11.55,0.0,2 Items
121018,2025-04-14,Monday,13,Lunch,Delivery,GiftCard,1,2.97,0.0,1 Item
121019,2025-07-26,Saturday,7,Breakfast,Drive-Thru,Card,1,4.41,0.0,1 Item
121020,2025-06-14,Saturday,10,Breakfast,Dine-In,Cash,1,4.87,0.0,1 Item
121021,2025-08-08,Friday,19,Dinner,Delivery,Card,1,6.49,0.0,1 Item
121022,2025-05-23,Friday,19,Dinner,Takeout,Cash,1,2.8,0.0,1 Item
121023,2025-06-16,Monday,11,Lunch,Takeout,Card,3,23.05,0.0,3 Items
121024,2025-06-23,Monday,15,Afternoon,Takeout,Card,1,1.71,0.0,1 Item
121025,2025-07-27,Sunday,11,Morning,Dine-In,Card,1,2.87,0.0,1 Item
121026,2025-04-17,Thursday,16,Afternoon,Dine-In,Card,2,5.58,0.0,2 Items
121027,2025-08-09,Saturday,16,Afternoon,Takeout,GiftCard,2,3.61,0.0,2 Items
121028,2025-07-01,Tuesday,19,Dinner,Dine-In,MobilePay,1,8.63,0.88,1 Item
121029,2025-07-24,Thursday,15,Afternoon,Dine-In,MobilePay,1,1.7,0.18,1 Item
121030,2025-04-15,Tuesday,11,Lunch,Drive-Thru,Cash,1,10.03,0.0,1 Item
121031,2025-06-11,Wednesday,17,Afternoon,Delivery,Card,1,1.73,0.0,1 Item
121032,2025-06-22,Sunday,12,Lunch,Takeout,MobilePay,3,8.75,0.0,3 Items
121033,2025-05-31,Saturday,6,Breakfast,Delivery,Card,1,3.66,0.0,1 Item
121034,2025-08-01,Friday,21,Dinner,Delivery,Card,1,4.41,0.22,1 Item
121035,2025-06-07,Saturday,20,Dinner,Dine-In,MobilePay,2,13.67,0.0,2 Items
121036,2025-04-30,Wednesday,12,Lunch,Takeout,Card,1,5.12,0.0,1 Item
121037,2025-06-22,Sunday,11,Lunch,Takeout,GiftCard,1,5.31,0.0,1 Item
121038,2025-06-17,Tuesday,21,Dinner,Dine-In,Card,2,6.43,0.0,2 Items
121039,2025-06-05,Thursday,8,Breakfast,Dine-In,Cash,1,2.28,0.0,1 Item
121040,2025-08-08,Friday,13,Lunch,Takeout,Card,1,6.86,0.0,1 Item
121041,2025-05-30,Friday,0,Late Night,Takeout,Cash,1,2.07,0.0,1 Item
121042,2025-05-28,Wednesday,17,Afternoon,Dine-In,Cash,1,3.3,0.0,1 Item
121043,2025-07-09,Wednesday,11,Morning,Dine-In,Cash,2,4.08,0.0,2 Items
121044,2025-05-29,Thursday,20,Dinner,Drive-Thru,Card,3,29.81,0.0,3 Items
121045,2025-04-12,Saturday,14,Lunch,Takeout,MobilePay,1,6.26,0.31,1 Item
121046,2025-06-19,Thursday,10,Morning,Drive-Thru,Card,1,1.58,0.0,1 Item
121047,2025-06-21,Saturday,10,Morning,Dine-In,GiftCard,1,3.58,0.0,1 Item
121048,2025-06-18,Wednesday,12,Lunch,Takeout,Card,1,5.84,0.0,1 Item
121049,2025-05-31,Saturday,14,Lunch,Drive-Thru,Card,2,13.52,0.0,2 Items
121050,2025-06-07,Saturday,6,Breakfast,Drive-Thru,MobilePay,1,5.22,0.0,1 Item
121051,2025-07-16,Wednesday,14,Lunch,Dine-In,Card,2,6.02,0.0,2 Items
121052,2025-04-14,Monday,6,Breakfast,Drive-Thru,Cash,1,3.6,0.0,1 Item
121053,2025-07-13,Sunday,21,Dinner,Delivery,Card,1,2.18,0.0,1 Item
121054,2025-05-28,Wednesday,17,Afternoon,Takeout,Card,1,5.16,0.0,1 Item
121055,2025-07-16,Wednesday,17,Afternoon,Dine-In,Card,1,2.47,0.0,1 Item
121056,2025-06-12,Thursday,11,Lunch,Takeout,Card,2,3.69,0.0,2 Items
121057,2025-05-30,Friday,10,Morning,Drive-Thru,Card,1,5.13,0.0,1 Item
121058,2025-07-21,Monday,23,Late Night,Drive-Thru,Card,1,5.11,0.0,1 Item
121059,2025-06-25,Wednesday,8,Breakfast,Dine-In,MobilePay,1,1.32,0.31,1 Item
121060,2025-07-06,Sunday,14,Lunch,Takeout,Card,1,6.1,0.0,1 Item
121061,2025-07-18,Friday,21,Dinner,Takeout,Card,1,7.67,0.0,1 Item
121062,2025-07-18,Friday,10,Breakfast,Takeout,Card,1,2.29,0.0,1 Item
121063,2025-07-13,Sunday,17,Afternoon,Takeout,Card,1,4.74,0.0,1 Item
121064,2025-05-08,Thursday,10,Breakfast,Takeout,MobilePay,2,8.18,0.0,2 Items
121065,2025-06-16,Monday,8,Breakfast,Dine-In,MobilePay,1,1.53,0.0,1 Item
121066,2025-07-10,Thursday,12,Lunch,Takeout,MobilePay,1,9.37,0.0,1 Item
121067,2025-07-25,Friday,10,Morning,Dine-In,Card,1,2.73,0.0,1 Item
121068,2025-05-30,Friday,8,Breakfast,Takeout,Cash,1,3.22,0.0,1 Item
121069,2025-08-05,Tuesday,18,Dinner,Takeout,Cash,1,9.4,0.0,1 Item
121070,2025-05-12,Monday,8,Breakfast,Dine-In,Cash,1,4.08,0.0,1 Item
121071,2025-04-14,Monday,17,Afternoon,Takeout,Cash,1,2.99,0.0,1 Item
121072,2025-07-08,Tuesday,11,Lunch,Dine-In,Card,1,10.78,0.0,1 Item
121073,2025-05-04,Sunday,10,Breakfast,Drive-Thru,Card,1,1.86,0.0,1 Item
121074,2025-07-20,Sunday,5,Breakfast,Drive-Thru,Card,2,7.61,0.0,2 Items
121075,2025-06-10,Tuesday,12,Lunch,Dine-In,Card,1,4.61,0.0,1 Item
121076,2025-05-02,Friday,5,Breakfast,Drive-Thru,Card,1,3.0,0.0,1 Item
121077,2025-08-01,Friday,11,Morning,Takeout,Card,1,3.43,0.0,1 Item
121078,2025-05-16,Friday,10,Breakfast,Drive-Thru,Card,1,4.37,0.0,1 Item
121079,2025-06-01,Sunday,18,Dinner,Drive-Thru,GiftCard,2,20.9,0.0,2 Items
121080,2025-07-04,Friday,11,Lunch,Dine-In,Card,1,5.68,0.0,1 Item
121081,2025-06-13,Friday,13,Lunch,Drive-Thru,Unknown,3,16.92,0.0,3 Items
121082,2025-07-11,Friday,18,Dinner,Dine-In,Card,1,4.77,0.0,1 Item
121083,2025-05-05,Monday,16,Afternoon,Delivery,Card,1,5.02,0.0,1 Item
121084,2025-04-14,Monday,10,Morning,Takeout,Card,2,8.14,0.0,2 Items
121085,2025-08-02,Saturday,21,Dinner,Drive-Thru,MobilePay,1,8.5,0.0,1 Item
121086,2025-07-17,Thursday,20,Dinner,Takeout,Cash,1,10.18,0.0,1 Item
121087,2025-06-27,Friday,21,Dinner,Takeout,Cash,3,9.36,0.0,3 Items
121088,2025-07-25,Friday,1,Late Night,Takeout,Card,2,7.82,0.0,2 Items
121089,2025-06-25,Wednesday,15,Afternoon,Takeout,Cash,2,10.73,0.0,2 Items
121090,2025-06-12,Thursday,10,Morning,Takeout,Card,1,2.34,0.0,1 Item
121091,2025-04-27,Sunday,15,Afternoon,Dine-In,Card,1,1.8,0.0,1 Item
121092,2025-05-23,Friday,21,Dinner,Delivery,Card,1,11.13,0.0,1 Item
121093,2025-06-17,Tuesday,19,Dinner,Takeout,Card,2,12.0,0.0,2 Items
121094,2025-06-23,Monday,9,Breakfast,Dine-In,Cash,2,7.42,0.0,2 Items
121095,2025-07-09,Wednesday,11,Morning,Drive-Thru,Cash,1,1.98,0.0,1 Item
121096,2025-07-16,Wednesday,12,Lunch,Dine-In,Card,1,2.85,0.0,1 Item
121097,2025-07-18,Friday,22,Late Night,Takeout,Cash,1,2.14,0.0,1 Item
121098,2025-07-07,Monday,11,Lunch,Drive-Thru,Cash,2,7.66,0.0,2 Items
121099,2025-05-07,Wednesday,14,Lunch,Dine-In,MobilePay,1,10.87,0.0,1 Item
121100,2025-07-16,Wednesday,6,Breakfast,Drive-Thru,Card,1,3.75,0.0,1 Item
121101,2025-04-21,Monday,9,Breakfast,Drive-Thru,Card,1,5.59,0.0,1 Item
121102,2025-08-07,Thursday,12,Lunch,Dine-In,Unknown,1,6.61,0.0,1 Item
121103,2025-04-16,Wednesday,19,Dinner,Dine-In,Card,2,19.55,0.0,2 Items
121104,2025-04-22,Tuesday,19,Dinner,Delivery,MobilePay,2,6.86,0.0,2 Items
121105,2025-06-01,Sunday,21,Dinner,Takeout,Card,1,8.84,0.9,1 Item
121106,2025-05-08,Thursday,19,Dinner,Dine-In,Cash,1,10.18,0.0,1 Item
121107,2025-07-19,Saturday,18,Dinner,Drive-Thru,Card,2,4.45,0.0,2 Items
121108,2025-06-17,Tuesday,23,Late Night,Takeout,Cash,3,17.59,0.0,3 Items
121109,2025-06-25,Wednesday,17,Afternoon,Dine-In,Card,1,0.0,0.0,1 Item
121110,2025-07-06,Sunday,10,Breakfast,Drive-Thru,Card,1,5.09,0.0,1 Item
121111,2025-06-25,Wednesday,11,Morning,Dine-In,Card,2,6.3,0.0,2 Items
121112,2025-06-02,Monday,11,Lunch,Drive-Thru,Card,1,6.25,0.0,1 Item
121113,2025-07-23,Wednesday,8,Breakfast,Takeout,Cash,1,1.59,0.0,1 Item
121114,2025-05-16,Friday,10,Morning,Takeout,MobilePay,1,2.61,0.0,1 Item
121115,2025-04-14,Monday,18,Dinner,Dine-In,Unknown,1,10.23,0.0,1 Item
121116,2025-05-29,Thursday,10,Morning,Drive-Thru,Cash,1,1.62,0.38,1 Item
121117,2025-05-05,Monday,6,Breakfast,Drive-Thru,Card,2,6.53,0.0,2 Items
121118,2025-06-23,Monday,19,Dinner,Takeout,Cash,1,6.34,0.0,1 Item
121119,2025-06-28,Saturday,15,Afternoon,Takeout,Cash,1,3.73,0.0,1 Item
121120,2025-07-28,Monday,12,Lunch,Dine-In,Card,1,5.18,0.0,1 Item
121121,2025-07-17,Thursday,5,Breakfast,Dine-In,Cash,1,4.32,0.0,1 Item
121122,2025-05-15,Thursday,13,Lunch,Dine-In,Cash,1,6.26,0.0,1 Item
121123,2025-04-14,Monday,5,Breakfast,Drive-Thru,Card,1,3.7,0.0,1 Item
121124,2025-04-22,Tuesday,20,Dinner,Drive-Thru,Card,1,6.23,0.0,1 Item
121125,2025-07-12,Saturday,12,Lunch,Dine-In,Card,1,10.08,0.0,1 Item
121126,2025-04-30,Wednesday,6,Breakfast,Takeout,Card,1,3.54,0.0,1 Item
121127,2025-04-28,Monday,11,Lunch,Takeout,Card,1,8.84,0.0,1 Item
121128,2025-08-01,Friday,16,Afternoon,Drive-Thru,Card,1,2.02,0.0,1 Item
121129,2025-06-02,Monday,9,Breakfast,Takeout,Cash,2,8.17,0.0,2 Items
121130,2025-07-03,Thursday,8,Breakfast,Drive-Thru,Cash,1,2.24,0.0,1 Item
121131,2025-06-04,Wednesday,12,Lunch,Dine-In,Cash,1,6.07,0.0,1 Item
121132,2025-07-16,Wednesday,14,Lunch,Takeout,MobilePay,2,23.33,0.0,2 Items
121133,2025-06-20,Friday,11,Lunch,Drive-Thru,Cash,2,12.38,0.0,2 Items
121134,2025-04-18,Friday,15,Afternoon,Takeout,MobilePay,2,3.73,0.0,2 Items
121135,2025-07-12,Saturday,16,Afternoon,Drive-Thru,Card,1,2.72,0.0,1 Item
121136,2025-07-30,Wednesday,18,Dinner,Takeout,MobilePay,1,2.25,0.0,1 Item
121137,2025-04-22,Tuesday,18,Dinner,Takeout,MobilePay,1,6.76,0.0,1 Item
121138,2025-05-25,Sunday,14,Lunch,Dine-In,Card,1,10.08,0.0,1 Item
121139,2025-04-26,Saturday,21,Dinner,Takeout,Card,1,6.35,0.0,1 Item
121140,2025-06-01,Sunday,21,Dinner,Takeout,Card,1,3.29,0.0,1 Item
121141,2025-06-11,Wednesday,0,Late Night,Takeout,Cash,2,4.4,0.73,2 Items
121142,2025-06-08,Sunday,11,Morning,Dine-In,MobilePay,1,1.67,0.0,1 Item
121143,2025-04-29,Tuesday,11,Lunch,Takeout,Cash,1,4.14,0.0,1 Item
121144,2025-06-26,Thursday,18,Dinner,Dine-In,MobilePay,1,7.83,0.0,1 Item
121145,2025-05-01,Thursday,22,Late Night,Drive-Thru,Cash,1,2.18,0.0,1 Item
121146,2025-07-12,Saturday,23,Late Night,Takeout,Card,1,4.16,0.21,1 Item
121147,2025-07-24,Thursday,11,Morning,Dine-In,Card,1,1.72,0.0,1 Item
121148,2025-07-05,Saturday,10,Morning,Delivery,Card,1,2.02,0.0,1 Item
121149,2025-05-20,Tuesday,12,Lunch,Dine-In,GiftCard,1,4.57,0.0,1 Item
121150,2025-04-24,Thursday,0,Late Night,Takeout,Card,1,2.76,0.0,1 Item
121151,2025-07-13,Sunday,15,Afternoon,Dine-In,Card,2,6.93,0.0,2 Items
121152,2025-06-24,Tuesday,6,Breakfast,Drive-Thru,Card,1,4.9,0.0,1 Item
121153,2025-07-16,Wednesday,11,Lunch,Dine-In,Card,1,5.22,0.0,1 Item
121154,2025-05-11,Sunday,20,Dinner,Drive-Thru,GiftCard,1,7.0,0.0,1 Item
121155,2025-05-04,Sunday,20,Dinner,Drive-Thru,MobilePay,1,5.24,0.86,1 Item
121156,2025-07-01,Tuesday,17,Afternoon,Delivery,Card,1,5.14,0.0,1 Item
121157,2025-05-09,Friday,18,Dinner,Dine-In,Card,1,11.15,0.0,1 Item
121158,2025-06-15,Sunday,9,Breakfast,Drive-Thru,Cash,1,2.62,0.0,1 Item
121159,2025-07-01,Tuesday,14,Lunch,Takeout,Card,3,10.02,0.0,3 Items
121160,2025-05-07,Wednesday,12,Lunch,Drive-Thru,Cash,1,1.77,0.0,1 Item
121161,2025-07-05,Saturday,14,Lunch,Drive-Thru,Card,1,5.62,0.0,1 Item
121162,2025-08-07,Thursday,9,Breakfast,Dine-In,Card,1,1.71,0.0,1 Item
121163,2025-08-09,Saturday,11,Lunch,Drive-Thru,Card,2,19.99,0.0,2 Items
121164,2025-05-07,Wednesday,18,Dinner,Delivery,Cash,2,14.3,0.0,2 Items
121165,2025-05-26,Monday,20,Dinner,Dine-In,Card,2,14.06,0.68,2 Items
121166,2025-07-22,Tuesday,13,Lunch,Dine-In,Card,1,3.25,0.0,1 Item
121167,2025-05-27,Tuesday,11,Morning,Takeout,Card,1,2.12,0.0,1 Item
121168,2025-06-05,Thursday,16,Afternoon,Delivery,GiftCard,1,5.68,0.0,1 Item
121169,2025-07-16,Wednesday,16,Afternoon,Drive-Thru,Card,1,1.85,0.0,1 Item
121170,2025-04-11,Friday,15,Afternoon,Delivery,GiftCard,2,7.16,0.0,2 Items
121171,2025-07-30,Wednesday,6,Breakfast,Delivery,Card,1,3.59,0.0,1 Item
121172,2025-05-07,Wednesday,8,Breakfast,Takeout,GiftCard,1,2.05,0.0,1 Item
121173,2025-08-06,Wednesday,11,Lunch,Dine-In,Card,1,9.09,0.0,1 Item
121174,2025-06-02,Monday,23,Late Night,Drive-Thru,Cash,2,11.51,0.0,2 Items
121175,2025-04-22,Tuesday,23,Late Night,Drive-Thru,Cash,1,3.02,0.0,1 Item
121176,2025-06-18,Wednesday,5,Breakfast,Takeout,Cash,1,1.99,0.0,1 Item
121177,2025-07-21,Monday,22,Late Night,Drive-Thru,Cash,1,2.47,0.0,1 Item
121178,2025-07-28,Monday,21,Dinner,Delivery,Card,2,10.81,0.0,2 Items
121179,2025-06-03,Tuesday,20,Dinner,Takeout,Card,1,8.46,0.0,1 Item
121180,2025-05-06,Tuesday,11,Morning,Delivery,Card,1,2.11,0.0,1 Item
121181,2025-08-02,Saturday,12,Lunch,Drive-Thru,Card,1,10.27,0.0,1 Item
121182,2025-07-10,Thursday,18,Dinner,Takeout,Card,1,10.77,0.52,1 Item
121183,2025-07-07,Monday,18,Dinner,Dine-In,GiftCard,2,16.4,0.0,2 Items
121184,2025-04-13,Sunday,6,Breakfast,Drive-Thru,Cash,1,3.7,0.0,1 Item
121185,2025-05-23,Friday,8,Breakfast,Dine-In,Card,1,4.35,0.0,1 Item
121186,2025-04-16,Wednesday,18,Dinner,Dine-In,Card,1,9.64,0.0,1 Item
121187,2025-06-20,Friday,10,Morning,Dine-In,Cash,1,3.53,0.0,1 Item
121188,2025-05-13,Tuesday,11,Lunch,Drive-Thru,MobilePay,1,5.6,0.0,1 Item
121189,2025-08-04,Monday,11,Morning,Dine-In,MobilePay,1,3.22,0.0,1 Item
121190,2025-07-31,Thursday,18,Dinner,Dine-In,Card,1,5.78,0.0,1 Item
121191,2025-07-11,Friday,20,Dinner,Dine-In,Card,1,10.02,0.0,1 Item
121192,2025-07-09,Wednesday,13,Lunch,Drive-Thru,MobilePay,2,11.86,0.0,2 Items
121193,2025-07-07,Monday,12,Lunch,Drive-Thru,Card,1,10.02,0.0,1 Item
121194,2025-06-11,Wednesday,14,Lunch,Takeout,Card,2,8.55,0.0,2 Items
121195,2025-05-09,Friday,11,Lunch,Takeout,Card,1,5.91,0.0,1 Item
121196,2025-07-18,Friday,7,Breakfast,Drive-Thru,Cash,1,3.27,0.0,1 Item
121197,2025-07-22,Tuesday,16,Afternoon,Drive-Thru,Card,1,3.29,0.0,1 Item
121198,2025-04-17,Thursday,10,Breakfast,Drive-Thru,Card,2,4.88,0.0,2 Items
121199,2025-05-24,Saturday,23,Late Night,Drive-Thru,Cash,2,9.55,0.0,2 Items
121200,2025-06-06,Friday,21,Dinner,Takeout,Card,1,7.78,1.28,1 Item
121201,2025-05-11,Sunday,10,Morning,Dine-In,Card,1,4.61,0.0,1 Item
121202,2025-07-04,Friday,13,Lunch,Takeout,Cash,1,4.8,0.0,1 Item
121203,2025-05-29,Thursday,22,Late Night,Takeout,Cash,1,5.79,0.28,1 Item
121204,2025-06-13,Friday,18,Dinner,Delivery,MobilePay,1,6.06,0.0,1 Item
121205,2025-07-05,Saturday,8,Breakfast,Drive-Thru,Card,1,2.12,0.0,1 Item
121206,2025-07-12,Saturday,17,Afternoon,Dine-In,Cash,2,3.54,0.0,2 Items
121207,2025-04-25,Friday,8,Breakfast,Takeout,Cash,1,3.29,0.0,1 Item
121208,2025-06-01,Sunday,14,Lunch,Dine-In,Cash,1,1.81,0.0,1 Item
121209,2025-05-02,Friday,20,Dinner,Dine-In,Card,1,6.75,0.0,1 Item
121210,2025-07-21,Monday,7,Breakfast,Drive-Thru,Card,2,4.95,0.0,2 Items
121211,2025-05-31,Saturday,13,Lunch,Dine-In,Card,1,10.46,0.0,1 Item
121212,2025-06-02,Monday,19,Dinner,Drive-Thru,Cash,2,17.76,2.89,2 Items
121213,2025-06-07,Saturday,11,Morning,Takeout,Card,2,7.44,0.0,2 Items
121214,2025-07-17,Thursday,16,Afternoon,Delivery,Card,3,8.9,0.0,3 Items
121215,2025-04-16,Wednesday,6,Breakfast,Drive-Thru,Card,1,5.53,0.0,1 Item
121216,2025-05-13,Tuesday,6,Breakfast,Takeout,Card,1,1.89,0.0,1 Item
121217,2025-07-07,Monday,16,Afternoon,Takeout,Cash,1,2.07,0.0,1 Item
121218,2025-08-09,Saturday,20,Dinner,Takeout,Card,1,8.66,0.0,1 Item
121219,2025-07-19,Saturday,0,Late Night,Drive-Thru,Card,1,6.98,0.0,1 Item
121220,2025-05-11,Sunday,16,Afternoon,Delivery,Card,2,3.54,0.0,2 Items
121221,2025-06-20,Friday,19,Dinner,Dine-In,MobilePay,1,4.98,0.0,1 Item
121222,2025-04-19,Saturday,19,Dinner,Dine-In,MobilePay,1,11.03,0.0,1 Item
121223,2025-06-18,Wednesday,8,Breakfast,Drive-Thru,MobilePay,1,3.57,0.0,1 Item
121224,2025-05-04,Sunday,5,Breakfast,Dine-In,MobilePay,1,3.93,0.0,1 Item
121225,2025-07-22,Tuesday,21,Dinner,Dine-In,Card,1,8.94,0.0,1 Item
121226,2025-05-28,Wednesday,7,Breakfast,Dine-In,Card,2,6.97,0.0,2 Items
121227,2025-05-10,Saturday,10,Morning,Dine-In,Card,2,3.99,0.0,2 Items
121228,2025-05-05,Monday,18,Dinner,Delivery,MobilePay,3,30.82,0.0,3 Items
121229,2025-04-25,Friday,1,Late Night,Drive-Thru,Card,1,4.11,0.0,1 Item
121230,2025-06-28,Saturday,12,Lunch,Takeout,Card,1,9.54,0.0,1 Item
121231,2025-06-11,Wednesday,12,Lunch,Takeout,Cash,2,8.64,0.0,2 Items
121232,2025-05-09,Friday,7,Breakfast,Drive-Thru,Cash,1,3.43,0.0,1 Item
121233,2025-06-12,Thursday,13,Lunch,Takeout,Card,2,17.58,0.0,2 Items
121234,2025-06-19,Thursday,18,Dinner,Dine-In,Cash,1,9.19,0.0,1 Item
121235,2025-08-04,Monday,14,Lunch,Drive-Thru,Card,1,6.65,0.0,1 Item
121236,2025-07-13,Sunday,11,Lunch,Delivery,Card,1,5.38,0.0,1 Item
121237,2025-05-19,Monday,20,Dinner,Delivery,MobilePay,1,8.87,0.0,1 Item
121238,2025-05-14,Wednesday,10,Morning,Delivery,MobilePay,1,2.04,0.0,1 Item
121239,2025-08-02,Saturday,16,Afternoon,Takeout,Cash,1,2.04,0.0,1 Item
121240,2025-05-15,Thursday,18,Dinner,Drive-Thru,Card,1,5.75,0.0,1 Item
121241,2025-07-11,Friday,21,Dinner,Drive-Thru,MobilePay,1,10.63,0.0,1 Item
121242,2025-07-29,Tuesday,23,Late Night,Drive-Thru,Cash,1,3.23,0.0,1 Item
121243,2025-08-09,Saturday,13,Lunch,Takeout,GiftCard,1,5.81,0.0,1 Item
121244,2025-06-02,Monday,11,Lunch,Takeout,MobilePay,1,6.49,0.0,1 Item
121245,2025-04-23,Wednesday,13,Lunch,Takeout,Cash,1,5.61,0.0,1 Item
121246,2025-07-02,Wednesday,11,Lunch,Dine-In,Card,1,9.6,0.0,1 Item
121247,2025-05-03,Saturday,16,Afternoon,Drive-Thru,Card,1,2.21,0.0,1 Item
121248,2025-06-16,Monday,11,Lunch,Drive-Thru,Card,1,6.39,0.0,1 Item
121249,2025-06-17,Tuesday,23,Late Night,Unknown,Card,1,5.47,0.0,1 Item
121250,2025-05-06,Tuesday,7,Breakfast,Drive-Thru,Card,1,3.37,0.17,1 Item
121251,2025-04-26,Saturday,11,Lunch,Takeout,Cash,1,5.1,0.0,1 Item
121252,2025-05-05,Monday,10,Morning,Drive-Thru,Cash,1,2.97,0.0,1 Item
121253,2025-05-29,Thursday,21,Dinner,Takeout,Card,3,30.5,0.0,3 Items
121254,2025-05-27,Tuesday,11,Lunch,Takeout,Cash,2,19.47,0.0,2 Items
121255,2025-07-24,Thursday,15,Afternoon,Takeout,GiftCard,1,2.17,0.0,1 Item
121256,2025-05-24,Saturday,19,Dinner,Drive-Thru,Cash,2,7.19,0.0,2 Items
121257,2025-04-21,Monday,7,Breakfast,Drive-Thru,Card,3,6.32,0.0,3 Items
121258,2025-05-17,Saturday,17,Afternoon,Takeout,MobilePay,1,1.46,0.0,1 Item
121259,2025-05-28,Wednesday,14,Lunch,Drive-Thru,Cash,1,9.14,0.0,1 Item
121260,2025-08-08,Friday,13,Lunch,Delivery,Card,1,6.09,0.0,1 Item
121261,2025-06-19,Thursday,19,Dinner,Drive-Thru,Cash,1,9.8,0.0,1 Item
121262,2025-06-18,Wednesday,14,Lunch,Takeout,Unknown,2,3.83,0.0,2 Items
121263,2025-06-30,Monday,19,Dinner,Dine-In,Cash,1,5.67,0.0,1 Item
121264,2025-05-04,Sunday,19,Dinner,Delivery,MobilePay,1,10.26,0.0,1 Item
121265,2025-07-01,Tuesday,20,Dinner,Dine-In,Cash,1,10.16,0.0,1 Item
121266,2025-06-10,Tuesday,16,Afternoon,Delivery,Card,3,9.14,0.0,3 Items
121267,2025-06-25,Wednesday,8,Breakfast,Dine-In,MobilePay,1,4.8,0.0,1 Item
121268,2025-06-24,Tuesday,12,Lunch,Dine-In,Card,1,8.23,0.86,1 Item
121269,2025-05-01,Thursday,17,Afternoon,Dine-In,MobilePay,1,4.29,0.0,1 Item
121270,2025-05-13,Tuesday,17,Afternoon,Takeout,Cash,1,5.8,0.0,1 Item
121271,2025-07-24,Thursday,19,Dinner,Dine-In,GiftCard,2,13.61,0.0,2 Items
121272,2025-08-04,Monday,17,Afternoon,Takeout,Cash,1,2.52,0.0,1 Item
121273,2025-06-02,Monday,7,Breakfast,Drive-Thru,Card,1,1.99,0.0,1 Item
121274,2025-05-25,Sunday,14,Lunch,Takeout,GiftCard,1,6.0,0.0,1 Item
121275,2025-05-05,Monday,5,Breakfast,Drive-Thru,Cash,1,5.4,0.0,1 Item
121276,2025-08-09,Saturday,13,Lunch,Dine-In,Unknown,1,12.21,0.0,1 Item
121277,2025-08-04,Monday,14,Lunch,Takeout,Card,2,7.94,0.0,2 Items
121278,2025-07-19,Saturday,15,Afternoon,Dine-In,Card,1,3.42,0.0,1 Item
121279,2025-05-28,Wednesday,19,Dinner,Dine-In,Cash,2,18.18,0.0,2 Items
121280,2025-07-04,Friday,10,Breakfast,Takeout,Card,1,4.33,0.0,1 Item
121281,2025-06-20,Friday,21,Dinner,Dine-In,MobilePay,1,7.3,1.68,1 Item
121282,2025-08-06,Wednesday,14,Lunch,Takeout,Cash,1,11.17,0.0,1 Item
121283,2025-08-01,Friday,16,Afternoon,Delivery,GiftCard,1,3.72,0.0,1 Item
121284,2025-06-14,Saturday,13,Lunch,Takeout,Card,1,10.46,0.0,1 Item
121285,2025-06-02,Monday,16,Afternoon,Drive-Thru,Cash,1,3.02,0.0,1 Item
121286,2025-05-31,Saturday,11,Lunch,Takeout,Cash,1,0.0,0.0,1 Item
121287,2025-06-08,Sunday,12,Lunch,Drive-Thru,Card,1,10.23,0.0,1 Item
121288,2025-05-04,Sunday,12,Lunch,Drive-Thru,MobilePay,1,8.5,0.0,1 Item
121289,2025-05-18,Sunday,19,Dinner,Dine-In,Card,3,22.91,2.37,3 Items
121290,2025-05-24,Saturday,17,Afternoon,Drive-Thru,Card,1,3.78,0.62,1 Item
121291,2025-07-15,Tuesday,17,Afternoon,Dine-In,Cash,1,4.12,0.0,1 Item
121292,2025-06-11,Wednesday,12,Lunch,Takeout,Cash,1,0.0,0.0,1 Item
121293,2025-06-30,Monday,12,Lunch,Drive-Thru,Card,1,6.41,0.0,1 Item
121294,2025-05-04,Sunday,13,Lunch,Takeout,Card,2,11.25,0.55,2 Items
121295,2025-04-30,Wednesday,20,Dinner,Dine-In,Cash,1,6.01,0.0,1 Item
121296,2025-04-24,Thursday,18,Dinner,Drive-Thru,Card,2,10.18,0.0,2 Items
121297,2025-07-24,Thursday,12,Lunch,Drive-Thru,Card,1,5.63,0.0,1 Item
121298,2025-07-11,Friday,20,Dinner,Delivery,Card,3,27.67,0.0,3 Items
121299,2025-04-26,Saturday,12,Lunch,Drive-Thru,Cash,1,10.11,0.0,1 Item
121300,2025-06-01,Sunday,13,Lunch,Takeout,Card,1,4.61,0.0,1 Item
121301,2025-05-05,Monday,13,Lunch,Delivery,Card,2,22.24,0.0,2 Items
121302,2025-08-02,Saturday,19,Dinner,Takeout,Card,2,12.42,0.0,2 Items
121303,2025-05-04,Sunday,13,Lunch,Takeout,GiftCard,1,5.28,1.22,1 Item
121304,2025-06-17,Tuesday,14,Lunch,Dine-In,Unknown,1,3.59,0.0,1 Item
121305,2025-06-16,Monday,18,Dinner,Dine-In,Card,1,7.86,0.8,1 Item
121306,2025-06-18,Wednesday,11,Lunch,Drive-Thru,Card,1,4.07,0.68,1 Item
121307,2025-06-08,Sunday,14,Lunch,Dine-In,GiftCard,1,9.84,0.0,1 Item
121308,2025-06-08,Sunday,20,Dinner,Delivery,Card,1,8.87,1.43,1 Item
121309,2025-04-20,Sunday,5,Breakfast,Drive-Thru,Card,1,4.09,0.0,1 Item
121310,2025-06-10,Tuesday,16,Afternoon,Takeout,Cash,1,1.78,0.0,1 Item
121311,2025-05-09,Friday,12,Lunch,Dine-In,Cash,1,3.61,0.0,1 Item
121312,2025-06-22,Sunday,20,Dinner,Takeout,Card,2,7.48,0.0,2 Items
121313,2025-04-28,Monday,11,Lunch,Takeout,Card,1,6.42,0.0,1 Item
121314,2025-05-09,Friday,6,Breakfast,Takeout,Card,2,7.93,0.0,2 Items
121315,2025-06-13,Friday,15,Afternoon,Takeout,MobilePay,1,1.73,0.0,1 Item
121316,2025-05-14,Wednesday,11,Lunch,Drive-Thru,Card,1,4.52,0.0,1 Item
121317,2025-05-31,Saturday,12,Lunch,Takeout,Card,1,4.58,1.06,1 Item
121318,2025-04-23,Wednesday,7,Breakfast,Delivery,MobilePay,2,6.79,0.0,2 Items
121319,2025-05-04,Sunday,11,Lunch,Dine-In,Cash,1,5.71,0.0,1 Item
121320,2025-06-12,Thursday,15,Afternoon,Takeout,Card,2,6.24,0.0,2 Items
121321,2025-07-28,Monday,10,Morning,Delivery,MobilePay,1,2.16,0.0,1 Item
121322,2025-04-19,Saturday,17,Afternoon,Dine-In,MobilePay,4,11.16,0.0,4+ Items
121323,2025-04-12,Saturday,19,Dinner,Takeout,Card,1,9.47,0.0,1 Item
121324,2025-06-13,Friday,21,Dinner,Drive-Thru,Card,1,9.79,0.0,1 Item
121325,2025-06-16,Monday,21,Dinner,Dine-In,Card,1,3.04,0.0,1 Item
121326,2025-05-11,Sunday,17,Afternoon,Takeout,Card,2,5.47,0.0,2 Items
121327,2025-07-02,Wednesday,10,Morning,Drive-Thru,Card,1,1.88,0.0,1 Item
121328,2025-06-21,Saturday,19,Dinner,Takeout,Cash,1,5.18,0.0,1 Item
121329,2025-07-20,Sunday,6,Breakfast,Drive-Thru,Card,2,9.3,1.53,2 Items
121330,2025-06-08,Sunday,11,Morning,Delivery,Card,1,3.4,0.0,1 Item
121331,2025-05-06,Tuesday,22,Late Night,Drive-Thru,Card,2,4.6,0.0,2 Items
121332,2025-06-30,Monday,10,Breakfast,Dine-In,Card,1,4.19,0.0,1 Item
121333,2025-06-16,Monday,19,Dinner,Takeout,Cash,1,4.83,0.5,1 Item
121334,2025-06-26,Thursday,18,Dinner,Drive-Thru,MobilePay,2,18.15,0.0,2 Items
121335,2025-05-05,Monday,16,Afternoon,Takeout,MobilePay,1,2.02,0.0,1 Item
121336,2025-04-30,Wednesday,20,Dinner,Drive-Thru,Card,1,4.61,0.0,1 Item
121337,2025-06-02,Monday,12,Lunch,Dine-In,MobilePay,3,5.46,0.0,3 Items
121338,2025-05-01,Thursday,11,Morning,Takeout,MobilePay,1,1.95,0.0,1 Item
121339,2025-04-29,Tuesday,16,Afternoon,Dine-In,Cash,1,1.89,0.0,1 Item
121340,2025-08-08,Friday,1,Late Night,Dine-In,Card,1,4.88,0.0,1 Item
121341,2025-06-16,Monday,9,Breakfast,Dine-In,MobilePay,1,3.52,0.0,1 Item
121342,2025-05-13,Tuesday,0,Late Night,Dine-In,Card,2,3.87,0.41,2 Items
121343,2025-08-07,Thursday,15,Afternoon,Takeout,Card,1,2.7,0.0,1 Item
121344,2025-06-22,Sunday,6,Breakfast,Dine-In,Cash,1,5.71,0.0,1 Item
121345,2025-06-22,Sunday,10,Morning,Dine-In,Cash,1,3.4,0.0,1 Item
121346,2025-07-18,Friday,20,Dinner,Takeout,Card,1,4.77,0.0,1 Item
121347,2025-05-28,Wednesday,11,Morning,Takeout,Card,1,1.65,0.0,1 Item
121348,2025-06-23,Monday,23,Late Night,Drive-Thru,Cash,1,5.53,0.0,1 Item
121349,2025-07-06,Sunday,21,Dinner,Dine-In,Card,1,6.09,0.0,1 Item
121350,2025-05-26,Monday,12,Lunch,Dine-In,Card,2,18.94,0.0,2 Items
121351,2025-06-16,Monday,12,Lunch,Dine-In,MobilePay,1,6.02,0.0,1 Item
121352,2025-07-12,Saturday,11,Lunch,Drive-Thru,Card,1,6.0,0.0,1 Item
121353,2025-07-05,Saturday,1,Late Night,Drive-Thru,MobilePay,1,5.08,0.0,1 Item
121354,2025-06-14,Saturday,21,Dinner,Delivery,MobilePay,1,9.68,0.0,1 Item
121355,2025-05-27,Tuesday,20,Dinner,Takeout,Cash,3,23.4,0.0,3 Items
121356,2025-08-06,Wednesday,1,Late Night,Drive-Thru,Card,1,5.55,0.0,1 Item
121357,2025-05-08,Thursday,17,Afternoon,Delivery,Card,1,2.67,0.0,1 Item
121358,2025-06-01,Sunday,20,Dinner,Dine-In,Card,1,8.49,0.0,1 Item
121359,2025-08-03,Sunday,20,Dinner,Drive-Thru,MobilePay,2,9.87,0.0,2 Items
121360,2025-07-09,Wednesday,16,Afternoon,Drive-Thru,Cash,1,2.82,0.0,1 Item
121361,2025-07-28,Monday,1,Late Night,Drive-Thru,Card,1,2.98,0.0,1 Item
121362,2025-04-27,Sunday,18,Dinner,Drive-Thru,Cash,1,4.82,0.0,1 Item
121363,2025-06-08,Sunday,10,Breakfast,Drive-Thru,Card,1,4.34,0.0,1 Item
121364,2025-07-26,Saturday,14,Lunch,Takeout,Card,1,6.21,0.0,1 Item
121365,2025-07-17,Thursday,1,Late Night,Drive-Thru,Unknown,1,5.73,0.0,1 Item
121366,2025-06-11,Wednesday,20,Dinner,Drive-Thru,Card,1,9.09,0.0,1 Item
121367,2025-06-26,Thursday,14,Lunch,Takeout,Cash,1,2.81,0.0,1 Item
121368,2025-08-08,Friday,14,Lunch,Dine-In,Card,2,3.21,0.73,2 Items
121369,2025-04-28,Monday,11,Lunch,Dine-In,Cash,2,6.37,0.0,2 Items
121370,2025-04-30,Wednesday,12,Lunch,Dine-In,Card,1,5.76,0.0,1 Item
121371,2025-07-29,Tuesday,5,Breakfast,Drive-Thru,Card,2,4.75,0.0,2 Items
121372,2025-05-02,Friday,14,Lunch,Dine-In,Cash,1,8.84,0.0,1 Item
121373,2025-06-03,Tuesday,19,Dinner,Drive-Thru,Card,1,4.27,0.0,1 Item
121374,2025-07-28,Monday,20,Dinner,Delivery,MobilePay,1,6.79,0.0,1 Item
121375,2025-05-30,Friday,22,Late Night,Delivery,Card,1,4.82,0.0,1 Item
121376,2025-06-28,Saturday,13,Lunch,Takeout,Card,1,9.18,0.0,1 Item
121377,2025-06-04,Wednesday,21,Dinner,Dine-In,Card,1,7.19,0.0,1 Item
121378,2025-05-30,Friday,11,Lunch,Drive-Thru,Card,1,6.3,0.0,1 Item
121379,2025-06-07,Saturday,19,Dinner,Drive-Thru,Card,1,6.78,0.0,1 Item
121380,2025-05-09,Friday,13,Lunch,Drive-Thru,Card,1,6.38,0.0,1 Item
121381,2025-08-02,Saturday,12,Lunch,Dine-In,Card,1,10.46,0.0,1 Item
121382,2025-08-07,Thursday,6,Breakfast,Takeout,MobilePay,1,2.8,0.0,1 Item
121383,2025-06-25,Wednesday,19,Dinner,Drive-Thru,Card,1,5.58,0.0,1 Item
121384,2025-05-02,Friday,13,Lunch,Dine-In,Card,1,10.36,0.0,1 Item
121385,2025-07-17,Thursday,17,Afternoon,Takeout,Card,1,5.47,0.0,1 Item
121386,2025-05-27,Tuesday,19,Dinner,Dine-In,MobilePay,1,10.78,0.0,1 Item
121387,2025-06-14,Saturday,13,Lunch,Takeout,Cash,1,6.81,0.0,1 Item
121388,2025-06-26,Thursday,12,Lunch,Delivery,MobilePay,1,4.86,0.0,1 Item
121389,2025-08-01,Friday,10,Breakfast,Takeout,Cash,1,1.61,0.0,1 Item
121390,2025-07-31,Thursday,15,Afternoon,Takeout,Cash,2,8.08,1.33,2 Items
121391,2025-07-09,Wednesday,19,Dinner,Delivery,Card,1,5.58,0.0,1 Item
121392,2025-05-17,Saturday,9,Breakfast,Drive-Thru,Card,2,11.64,0.0,2 Items
121393,2025-06-16,Monday,8,Breakfast,Takeout,MobilePay,1,3.5,0.0,1 Item
121394,2025-06-24,Tuesday,1,Late Night,Drive-Thru,Cash,1,4.2,0.0,1 Item
121395,2025-06-18,Wednesday,10,Breakfast,Dine-In,Card,1,4.78,0.0,1 Item
121396,2025-07-18,Friday,19,Dinner,Delivery,Card,1,8.9,0.0,1 Item
121397,2025-05-01,Thursday,10,Morning,Takeout,Cash,1,2.0,0.0,1 Item
121398,2025-06-04,Wednesday,7,Breakfast,Dine-In,Card,1,2.28,0.0,1 Item
121399,2025-07-06,Sunday,16,Afternoon,Unknown,Card,1,1.81,0.0,1 Item
121400,2025-04-18,Friday,23,Late Night,Drive-Thru,Card,1,1.46,0.0,1 Item
121401,2025-06-13,Friday,14,Lunch,Takeout,MobilePay,1,10.18,0.0,1 Item
121402,2025-04-19,Saturday,19,Dinner,Drive-Thru,MobilePay,1,6.55,0.0,1 Item
121403,2025-04-18,Friday,18,Dinner,Drive-Thru,Card,2,12.8,0.0,2 Items
121404,2025-05-20,Tuesday,11,Lunch,Dine-In,Card,1,6.93,0.0,1 Item
121405,2025-06-25,Wednesday,11,Lunch,Delivery,Card,1,5.05,0.0,1 Item
121406,2025-04-18,Friday,8,Breakfast,Drive-Thru,Card,1,4.81,0.0,1 Item
121407,2025-05-29,Thursday,9,Breakfast,Drive-Thru,Card,1,4.39,0.0,1 Item
121408,2025-07-16,Wednesday,11,Morning,Takeout,Cash,1,1.51,0.0,1 Item
121409,2025-05-17,Saturday,12,Lunch,Unknown,Cash,1,5.96,0.0,1 Item
121410,2025-05-01,Thursday,9,Breakfast,Dine-In,MobilePay,1,3.94,0.0,1 Item
121411,2025-06-04,Wednesday,7,Breakfast,Dine-In,Card,2,3.42,0.8,2 Items
121412,2025-04-30,Wednesday,1,Late Night,Unknown,GiftCard,1,4.96,0.0,1 Item
121413,2025-06-14,Saturday,5,Breakfast,Dine-In,Card,1,4.05,0.0,1 Item
121414,2025-07-28,Monday,1,Late Night,Drive-Thru,Card,1,2.95,0.0,1 Item
121415,2025-05-02,Friday,11,Morning,Takeout,Card,2,4.51,0.0,2 Items
121416,2025-07-29,Tuesday,9,Breakfast,Takeout,GiftCard,1,2.04,0.0,1 Item
121417,2025-06-28,Saturday,18,Dinner,Dine-In,Card,1,9.58,0.47,1 Item
121418,2025-04-21,Monday,17,Afternoon,Dine-In,Card,1,1.79,0.19,1 Item
121419,2025-05-20,Tuesday,21,Dinner,Delivery,Card,2,13.01,0.0,2 Items
121420,2025-07-07,Monday,12,Lunch,Delivery,Card,2,9.99,0.0,2 Items
121421,2025-05-26,Monday,11,Lunch,Dine-In,Card,1,6.56,0.0,1 Item
121422,2025-05-10,Saturday,12,Lunch,Dine-In,Card,1,9.77,0.0,1 Item
121423,2025-07-18,Friday,23,Late Night,Drive-Thru,Card,1,2.0,0.21,1 Item
121424,2025-06-02,Monday,11,Lunch,Drive-Thru,Card,1,5.7,0.0,1 Item
121425,2025-07-12,Saturday,18,Dinner,Drive-Thru,Card,1,5.88,0.0,1 Item
121426,2025-07-28,Monday,22,Late Night,Takeout,Card,1,6.54,0.0,1 Item
121427,2025-04-17,Thursday,12,Lunch,Takeout,GiftCard,1,5.24,0.0,1 Item
121428,2025-07-18,Friday,19,Dinner,Takeout,Card,1,10.77,0.0,1 Item
121429,2025-05-24,Saturday,18,Dinner,Delivery,Card,1,6.03,0.0,1 Item
121430,2025-07-16,Wednesday,13,Lunch,Dine-In,Card,2,10.01,0.0,2 Items
121431,2025-04-26,Saturday,6,Breakfast,Takeout,Card,1,2.53,0.0,1 Item
121432,2025-07-06,Sunday,10,Morning,Takeout,Unknown,1,3.7,0.0,1 Item
121433,2025-06-06,Friday,8,Breakfast,Dine-In,Card,1,3.95,0.0,1 Item
121434,2025-08-07,Thursday,16,Afternoon,Dine-In,MobilePay,3,5.55,0.0,3 Items
121435,2025-06-10,Tuesday,13,Lunch,Drive-Thru,Card,1,10.99,0.0,1 Item
121436,2025-05-09,Friday,11,Morning,Takeout,Card,1,1.96,0.0,1 Item
121437,2025-04-20,Sunday,12,Lunch,Drive-Thru,Card,2,23.31,0.0,2 Items
121438,2025-06-20,Friday,13,Lunch,Dine-In,Card,1,10.45,0.0,1 Item
121439,2025-05-17,Saturday,17,Afternoon,Dine-In,GiftCard,2,6.84,0.34,2 Items
121440,2025-07-19,Saturday,11,Lunch,Dine-In,Card,1,2.16,0.0,1 Item
121441,2025-04-13,Sunday,16,Afternoon,Unknown,Card,1,2.21,0.0,1 Item
121442,2025-07-17,Thursday,9,Breakfast,Dine-In,Card,1,4.82,0.0,1 Item
121443,2025-05-09,Friday,18,Dinner,Dine-In,Card,1,4.43,0.0,1 Item
121444,2025-08-03,Sunday,9,Breakfast,Dine-In,Card,1,1.67,0.39,1 Item
121445,2025-04-16,Wednesday,13,Lunch,Takeout,Cash,2,11.23,0.0,2 Items
121446,2025-04-24,Thursday,6,Breakfast,Drive-Thru,Cash,1,3.1,0.0,1 Item
121447,2025-08-08,Friday,11,Lunch,Dine-In,Cash,2,18.96,0.0,2 Items
121448,2025-04-26,Saturday,19,Dinner,Dine-In,Cash,1,9.57,0.99,1 Item
121449,2025-06-26,Thursday,11,Lunch,Delivery,Card,1,5.42,0.55,1 Item
121450,2025-06-11,Wednesday,12,Lunch,Dine-In,Cash,1,6.13,0.0,1 Item
121451,2025-04-30,Wednesday,10,Morning,Delivery,MobilePay,1,2.52,0.0,1 Item
121452,2025-04-16,Wednesday,7,Breakfast,Drive-Thru,Card,1,3.51,0.0,1 Item
121453,2025-07-09,Wednesday,16,Afternoon,Dine-In,Card,1,3.58,0.36,1 Item
121454,2025-07-30,Wednesday,20,Dinner,Dine-In,Card,1,5.08,0.0,1 Item
121455,2025-07-01,Tuesday,20,Dinner,Dine-In,Card,1,8.07,0.0,1 Item
121456,2025-07-02,Wednesday,17,Afternoon,Delivery,Card,1,2.96,0.3,1 Item
121457,2025-06-22,Sunday,10,Morning,Takeout,Card,1,2.86,0.0,1 Item
121458,2025-05-09,Friday,14,Lunch,Drive-Thru,Card,1,10.86,0.0,1 Item
121459,2025-07-17,Thursday,11,Lunch,Takeout,Card,1,10.21,0.0,1 Item
121460,2025-06-29,Sunday,18,Dinner,Takeout,Cash,1,6.11,0.0,1 Item
121461,2025-06-26,Thursday,16,Afternoon,Dine-In,Card,1,2.97,0.0,1 Item
121462,2025-06-19,Thursday,15,Afternoon,Takeout,MobilePay,2,4.62,0.0,2 Items
121463,2025-08-04,Monday,19,Dinner,Dine-In,Cash,1,9.52,0.0,1 Item
121464,2025-05-14,Wednesday,5,Breakfast,Takeout,Cash,1,1.9,0.0,1 Item
121465,2025-08-06,Wednesday,11,Morning,Takeout,GiftCard,2,3.92,0.0,2 Items
121466,2025-07-11,Friday,11,Lunch,Takeout,Card,4,11.04,0.0,4+ Items
121467,2025-05-06,Tuesday,10,Breakfast,Dine-In,Card,1,4.81,0.0,1 Item
121468,2025-06-09,Monday,20,Dinner,Takeout,Cash,1,10.09,0.0,1 Item
121469,2025-07-25,Friday,5,Breakfast,Drive-Thru,Cash,1,1.86,0.0,1 Item
121470,2025-07-09,Wednesday,11,Lunch,Drive-Thru,Card,2,19.45,0.0,2 Items
121471,2025-05-30,Friday,11,Lunch,Drive-Thru,Card,1,3.28,0.0,1 Item
121472,2025-06-26,Thursday,23,Late Night,Drive-Thru,Card,1,6.8,0.0,1 Item
121473,2025-05-24,Saturday,11,Lunch,Delivery,Card,1,10.8,0.0,1 Item
121474,2025-04-25,Friday,11,Lunch,Drive-Thru,GiftCard,2,11.02,0.0,2 Items
121475,2025-04-19,Saturday,11,Lunch,Drive-Thru,MobilePay,2,6.54,0.0,2 Items
121476,2025-05-28,Wednesday,13,Lunch,Dine-In,Card,1,0.0,0.0,1 Item
121477,2025-05-22,Thursday,18,Dinner,Takeout,Cash,1,6.14,0.0,1 Item
121478,2025-04-17,Thursday,15,Afternoon,Drive-Thru,MobilePay,2,7.61,0.0,2 Items
121479,2025-08-08,Friday,19,Dinner,Delivery,Card,1,9.73,0.0,1 Item
121480,2025-04-16,Wednesday,11,Lunch,Takeout,Cash,1,6.36,0.0,1 Item
121481,2025-05-25,Sunday,7,Breakfast,Takeout,Unknown,1,3.53,0.0,1 Item
121482,2025-06-01,Sunday,10,Morning,Takeout,Card,2,6.81,0.0,2 Items
121483,2025-07-15,Tuesday,7,Breakfast,Drive-Thru,Card,1,5.06,0.0,1 Item
121484,2025-05-29,Thursday,20,Dinner,Takeout,Card,1,6.5,0.0,1 Item
121485,2025-06-22,Sunday,14,Lunch,Takeout,Card,1,9.61,0.0,1 Item
121486,2025-04-16,Wednesday,13,Lunch,Takeout,Cash,1,5.07,0.0,1 Item
121487,2025-04-26,Saturday,10,Morning,Takeout,GiftCard,1,1.89,0.0,1 Item
121488,2025-05-24,Saturday,21,Dinner,Dine-In,Cash,1,0.0,0.0,1 Item
121489,2025-06-12,Thursday,12,Lunch,Drive-Thru,Cash,1,10.76,0.0,1 Item
121490,2025-04-22,Tuesday,18,Dinner,Drive-Thru,Card,1,4.59,0.0,1 Item
121491,2025-06-20,Friday,8,Breakfast,Takeout,Cash,1,4.11,0.0,1 Item
121492,2025-05-13,Tuesday,10,Morning,Drive-Thru,GiftCard,2,3.63,0.0,2 Items
121493,2025-07-11,Friday,21,Dinner,Dine-In,MobilePay,1,9.99,0.0,1 Item
121494,2025-08-05,Tuesday,12,Lunch,Drive-Thru,Cash,1,6.38,0.0,1 Item
121495,2025-07-09,Wednesday,20,Dinner,Drive-Thru,Card,1,10.79,0.0,1 Item
121496,2025-05-28,Wednesday,14,Lunch,Dine-In,MobilePay,1,10.82,0.0,1 Item
121497,2025-07-13,Sunday,8,Breakfast,Dine-In,MobilePay,1,2.29,0.0,1 Item
121498,2025-05-15,Thursday,12,Lunch,Takeout,Cash,1,4.63,0.48,1 Item
121499,2025-04-18,Friday,15,Afternoon,Drive-Thru,Card,1,3.06,0.0,1 Item
121500,2025-05-18,Sunday,15,Afternoon,Takeout,Card,1,2.43,0.0,1 Item
121501,2025-04-20,Sunday,6,Breakfast,Takeout,Card,1,3.99,0.64,1 Item
121502,2025-08-04,Monday,17,Afternoon,Delivery,MobilePay,1,2.81,0.0,1 Item
121503,2025-07-17,Thursday,10,Morning,Dine-In,Card,3,11.89,0.0,3 Items
121504,2025-05-07,Wednesday,6,Breakfast,Drive-Thru,Cash,1,4.38,0.0,1 Item
121505,2025-06-30,Monday,17,Afternoon,Drive-Thru,Cash,2,5.45,0.0,2 Items
121506,2025-06-11,Wednesday,14,Lunch,Delivery,MobilePay,1,5.86,0.0,1 Item
121507,2025-05-10,Saturday,6,Breakfast,Drive-Thru,Card,1,2.31,0.0,1 Item
121508,2025-08-02,Saturday,7,Breakfast,Drive-Thru,Card,1,3.28,0.0,1 Item
121509,2025-07-02,Wednesday,11,Morning,Dine-In,Card,2,7.73,0.0,2 Items
121510,2025-05-06,Tuesday,14,Lunch,Drive-Thru,MobilePay,1,0.0,0.0,1 Item
121511,2025-06-02,Monday,18,Dinner,Drive-Thru,MobilePay,1,10.83,0.0,1 Item
121512,2025-04-18,Friday,11,Lunch,Drive-Thru,Card,2,11.48,0.0,2 Items
121513,2025-07-01,Tuesday,17,Afternoon,Dine-In,MobilePay,2,2.37,0.38,2 Items
121514,2025-05-24,Saturday,7,Breakfast,Drive-Thru,Card,1,2.0,0.0,1 Item
121515,2025-06-19,Thursday,11,Lunch,Dine-In,MobilePay,1,5.33,0.56,1 Item
121516,2025-05-23,Friday,21,Dinner,Delivery,Card,1,6.99,0.0,1 Item
121517,2025-06-18,Wednesday,9,Breakfast,Drive-Thru,Card,1,3.62,0.0,1 Item
121518,2025-07-29,Tuesday,15,Afternoon,Delivery,MobilePay,1,3.89,0.0,1 Item
121519,2025-06-07,Saturday,16,Afternoon,Takeout,Cash,3,11.37,1.18,3 Items
121520,2025-05-17,Saturday,11,Morning,Drive-Thru,Card,1,1.32,0.31,1 Item
121521,2025-07-22,Tuesday,20,Dinner,Takeout,MobilePay,3,32.69,0.0,3 Items
121522,2025-05-31,Saturday,5,Breakfast,Drive-Thru,Card,2,9.5,0.0,2 Items
121523,2025-05-08,Thursday,17,Afternoon,Takeout,GiftCard,3,7.68,0.0,3 Items
121524,2025-04-19,Saturday,14,Lunch,Delivery,MobilePay,1,9.86,0.0,1 Item
121525,2025-04-29,Tuesday,23,Late Night,Dine-In,Card,2,4.47,0.0,2 Items
121526,2025-06-04,Wednesday,20,Dinner,Delivery,GiftCard,1,10.67,0.0,1 Item
121527,2025-05-26,Monday,16,Afternoon,Drive-Thru,Card,1,3.3,0.0,1 Item
121528,2025-06-03,Tuesday,21,Dinner,Takeout,Cash,1,5.7,0.0,1 Item
121529,2025-07-26,Saturday,19,Dinner,Takeout,Card,1,2.79,0.0,1 Item
121530,2025-05-31,Saturday,12,Lunch,Drive-Thru,Card,1,2.55,0.0,1 Item
121531,2025-04-13,Sunday,17,Afternoon,Takeout,Cash,3,4.43,0.72,3 Items
121532,2025-05-18,Sunday,18,Dinner,Delivery,Card,1,5.7,0.0,1 Item
121533,2025-06-16,Monday,12,Lunch,Dine-In,MobilePay,1,9.46,0.0,1 Item
121534,2025-05-18,Sunday,17,Afternoon,Drive-Thru,Card,1,2.57,0.0,1 Item
121535,2025-08-03,Sunday,15,Afternoon,Drive-Thru,GiftCard,3,6.04,0.0,3 Items
121536,2025-05-06,Tuesday,14,Lunch,Dine-In,Card,1,9.49,0.0,1 Item
121537,2025-07-23,Wednesday,16,Afternoon,Takeout,Cash,1,2.95,0.3,1 Item
121538,2025-08-04,Monday,12,Lunch,Drive-Thru,Card,1,6.75,0.0,1 Item
121539,2025-07-13,Sunday,13,Lunch,Delivery,Card,1,9.06,0.0,1 Item
121540,2025-05-24,Saturday,18,Dinner,Takeout,Card,1,10.68,0.0,1 Item
121541,2025-05-04,Sunday,19,Dinner,Delivery,Card,1,10.13,0.0,1 Item
121542,2025-05-11,Sunday,15,Afternoon,Takeout,GiftCard,1,4.13,0.0,1 Item
121543,2025-05-13,Tuesday,12,Lunch,Dine-In,Card,1,9.46,0.0,1 Item
121544,2025-07-31,Thursday,11,Morning,Takeout,Card,1,3.82,0.0,1 Item
121545,2025-04-19,Saturday,13,Lunch,Delivery,Card,1,6.09,0.0,1 Item
121546,2025-07-02,Wednesday,21,Dinner,Takeout,Cash,2,17.18,0.0,2 Items
121547,2025-07-02,Wednesday,11,Lunch,Dine-In,MobilePay,1,2.87,0.0,1 Item
121548,2025-06-26,Thursday,10,Breakfast,Takeout,Card,1,2.16,0.0,1 Item
121549,2025-05-15,Thursday,11,Lunch,Dine-In,Card,1,11.4,0.0,1 Item
121550,2025-07-28,Monday,14,Lunch,Dine-In,Cash,1,6.73,0.0,1 Item
121551,2025-05-15,Thursday,13,Lunch,Takeout,Card,1,4.71,0.0,1 Item
121552,2025-07-16,Wednesday,5,Breakfast,Drive-Thru,Card,1,3.78,0.0,1 Item
121553,2025-07-06,Sunday,22,Late Night,Drive-Thru,GiftCard,2,6.83,0.0,2 Items
121554,2025-04-23,Wednesday,13,Lunch,Takeout,MobilePay,1,8.92,0.0,1 Item
121555,2025-07-24,Thursday,10,Breakfast,Drive-Thru,Card,2,6.73,0.0,2 Items
121556,2025-04-28,Monday,20,Dinner,Drive-Thru,Card,2,13.35,0.0,2 Items
121557,2025-05-13,Tuesday,20,Dinner,Takeout,Card,1,8.75,0.43,1 Item
121558,2025-04-11,Friday,18,Dinner,Delivery,Card,1,3.84,0.0,1 Item
121559,2025-08-08,Friday,19,Dinner,Takeout,Cash,1,3.59,0.0,1 Item
121560,2025-05-24,Saturday,7,Breakfast,Takeout,Card,2,6.85,0.0,2 Items
121561,2025-04-27,Sunday,12,Lunch,Drive-Thru,Cash,1,5.4,0.0,1 Item
121562,2025-08-07,Thursday,16,Afternoon,Dine-In,MobilePay,2,6.64,0.0,2 Items
121563,2025-08-03,Sunday,11,Lunch,Drive-Thru,Unknown,3,30.69,0.0,3 Items
121564,2025-07-09,Wednesday,10,Breakfast,Drive-Thru,Cash,1,3.43,0.0,1 Item
121565,2025-06-05,Thursday,18,Dinner,Drive-Thru,Cash,1,6.12,0.0,1 Item
121566,2025-06-29,Sunday,18,Dinner,Takeout,Card,1,9.61,0.0,1 Item
121567,2025-06-28,Saturday,7,Breakfast,Drive-Thru,Card,1,5.53,0.0,1 Item
121568,2025-06-06,Friday,14,Lunch,Drive-Thru,Card,1,5.25,0.25,1 Item
121569,2025-06-21,Saturday,11,Morning,Takeout,Cash,1,1.81,0.42,1 Item
121570,2025-05-16,Friday,15,Afternoon,Takeout,Card,1,3.11,0.0,1 Item
121571,2025-06-27,Friday,22,Late Night,Delivery,Card,1,2.49,0.0,1 Item
121572,2025-04-23,Wednesday,20,Dinner,Dine-In,Cash,1,10.9,0.0,1 Item
121573,2025-07-01,Tuesday,14,Lunch,Delivery,Card,1,5.48,0.0,1 Item
121574,2025-05-27,Tuesday,18,Dinner,Dine-In,Cash,1,10.0,0.0,1 Item
121575,2025-06-04,Wednesday,6,Breakfast,Drive-Thru,Card,2,10.97,0.0,2 Items
121576,2025-06-07,Saturday,14,Lunch,Drive-Thru,Cash,2,7.64,1.78,2 Items
121577,2025-04-16,Wednesday,12,Lunch,Dine-In,Card,2,11.54,0.0,2 Items
121578,2025-07-07,Monday,17,Afternoon,Drive-Thru,Card,1,3.18,0.0,1 Item
121579,2025-08-03,Sunday,18,Dinner,Drive-Thru,Card,1,9.27,0.0,1 Item
121580,2025-06-24,Tuesday,11,Morning,Dine-In,MobilePay,1,3.84,0.0,1 Item
121581,2025-06-13,Friday,14,Lunch,Dine-In,Card,1,10.42,0.0,1 Item
121582,2025-04-13,Sunday,23,Late Night,Drive-Thru,Card,1,2.39,0.0,1 Item
121583,2025-06-18,Wednesday,12,Lunch,Dine-In,MobilePay,1,8.69,0.0,1 Item
121584,2025-06-08,Sunday,7,Breakfast,Dine-In,MobilePay,1,3.57,0.0,1 Item
121585,2025-05-22,Thursday,12,Lunch,Delivery,Card,2,6.44,0.0,2 Items
121586,2025-08-03,Sunday,6,Breakfast,Takeout,Card,1,1.56,0.0,1 Item
121587,2025-07-13,Sunday,16,Afternoon,Takeout,Card,1,2.95,0.0,1 Item
121588,2025-05-22,Thursday,21,Dinner,Takeout,Cash,1,10.28,1.06,1 Item
121589,2025-07-11,Friday,10,Breakfast,Takeout,Card,1,2.09,0.0,1 Item
121590,2025-04-28,Monday,18,Dinner,Drive-Thru,Cash,1,9.21,0.0,1 Item
121591,2025-07-02,Wednesday,21,Dinner,Delivery,Card,1,4.81,0.0,1 Item
121592,2025-04-13,Sunday,11,Morning,Takeout,Card,1,3.62,0.0,1 Item
121593,2025-07-26,Saturday,13,Lunch,Drive-Thru,MobilePay,2,12.13,0.0,2 Items
121594,2025-05-27,Tuesday,14,Lunch,Dine-In,Card,1,5.43,0.0,1 Item
121595,2025-07-07,Monday,9,Breakfast,Dine-In,Card,1,3.75,0.0,1 Item
121596,2025-04-11,Friday,10,Morning,Dine-In,Card,1,3.68,0.0,1 Item
121597,2025-04-29,Tuesday,19,Dinner,Delivery,GiftCard,1,6.9,0.0,1 Item
121598,2025-06-09,Monday,21,Dinner,Dine-In,Card,1,2.84,0.0,1 Item
121599,2025-05-29,Thursday,5,Breakfast,Drive-Thru,Cash,1,3.18,0.0,1 Item
121600,2025-04-11,Friday,10,Morning,Dine-In,Cash,1,2.7,0.0,1 Item
121601,2025-07-01,Tuesday,15,Afternoon,Takeout,Card,2,6.48,0.0,2 Items
121602,2025-07-09,Wednesday,11,Lunch,Dine-In,MobilePay,1,5.52,0.0,1 Item
121603,2025-04-12,Saturday,20,Dinner,Delivery,Card,1,9.42,0.0,1 Item
121604,2025-06-08,Sunday,18,Dinner,Takeout,MobilePay,2,9.18,0.0,2 Items
121605,2025-07-31,Thursday,11,Lunch,Dine-In,MobilePay,1,2.51,0.0,1 Item
121606,2025-06-26,Thursday,19,Dinner,Dine-In,GiftCard,1,3.69,0.0,1 Item
121607,2025-05-21,Wednesday,23,Late Night,Takeout,MobilePay,2,11.54,0.0,2 Items
121608,2025-07-03,Thursday,12,Lunch,Delivery,Card,1,9.43,0.0,1 Item
121609,2025-05-04,Sunday,9,Breakfast,Dine-In,MobilePay,2,3.94,0.0,2 Items
121610,2025-04-17,Thursday,14,Lunch,Takeout,Card,1,9.01,0.0,1 Item
121611,2025-05-17,Saturday,17,Afternoon,Drive-Thru,Cash,1,1.71,0.0,1 Item
121612,2025-05-16,Friday,7,Breakfast,Drive-Thru,Card,1,3.46,0.0,1 Item
121613,2025-05-27,Tuesday,20,Dinner,Dine-In,GiftCard,1,7.8,1.79,1 Item
121614,2025-04-20,Sunday,13,Lunch,Drive-Thru,Card,1,6.04,0.0,1 Item
121615,2025-04-12,Saturday,10,Morning,Dine-In,Card,1,3.74,0.0,1 Item
121616,2025-05-13,Tuesday,14,Lunch,Drive-Thru,Cash,1,6.24,0.0,1 Item
121617,2025-05-17,Saturday,11,Lunch,Takeout,Card,1,2.67,0.0,1 Item
121618,2025-07-28,Monday,14,Lunch,Dine-In,MobilePay,1,5.89,0.0,1 Item
121619,2025-05-10,Saturday,16,Afternoon,Drive-Thru,Card,1,4.68,0.0,1 Item
121620,2025-06-27,Friday,6,Breakfast,Takeout,Card,1,3.52,0.0,1 Item
121621,2025-07-30,Wednesday,11,Morning,Delivery,MobilePay,1,2.44,0.0,1 Item
121622,2025-07-24,Thursday,11,Morning,Dine-In,Card,1,2.25,0.0,1 Item
121623,2025-07-21,Monday,11,Lunch,Drive-Thru,Card,1,9.22,0.0,1 Item
121624,2025-04-20,Sunday,18,Dinner,Dine-In,Card,1,10.89,0.0,1 Item
121625,2025-05-01,Thursday,11,Lunch,Takeout,Cash,2,5.75,0.0,2 Items
121626,2025-05-02,Friday,12,Lunch,Unknown,Card,1,4.62,0.0,1 Item
121627,2025-05-12,Monday,19,Dinner,Delivery,Card,1,8.89,1.44,1 Item
121628,2025-05-17,Saturday,9,Breakfast,Dine-In,Card,1,4.82,0.0,1 Item
121629,2025-08-03,Sunday,11,Morning,Dine-In,Card,1,4.33,0.0,1 Item
121630,2025-05-23,Friday,20,Dinner,Drive-Thru,Card,1,6.33,0.0,1 Item
121631,2025-04-13,Sunday,14,Lunch,Delivery,Card,1,4.57,0.0,1 Item
121632,2025-06-14,Saturday,7,Breakfast,Takeout,Card,1,5.21,0.0,1 Item
121633,2025-08-09,Saturday,18,Dinner,Drive-Thru,Cash,2,12.38,0.0,2 Items
121634,2025-05-28,Wednesday,14,Lunch,Drive-Thru,Card,1,4.73,0.0,1 Item
121635,2025-05-29,Thursday,14,Lunch,Dine-In,MobilePay,1,6.99,0.72,1 Item
121636,2025-06-21,Saturday,17,Afternoon,Dine-In,Card,1,5.01,0.0,1 Item
121637,2025-06-07,Saturday,10,Morning,Dine-In,Cash,1,1.91,0.0,1 Item
121638,2025-07-30,Wednesday,10,Morning,Dine-In,Card,1,3.96,0.19,1 Item
121639,2025-04-19,Saturday,10,Breakfast,Dine-In,Card,1,2.56,0.0,1 Item
121640,2025-07-03,Thursday,10,Breakfast,Takeout,Card,1,3.48,0.0,1 Item
121641,2025-06-24,Tuesday,0,Late Night,Drive-Thru,Cash,1,5.97,0.3,1 Item
121642,2025-06-17,Tuesday,11,Lunch,Takeout,Cash,1,10.6,0.0,1 Item
121643,2025-05-04,Sunday,6,Breakfast,Takeout,GiftCard,1,4.43,0.0,1 Item
121644,2025-06-03,Tuesday,15,Afternoon,Drive-Thru,GiftCard,3,4.92,0.0,3 Items
121645,2025-04-19,Saturday,12,Lunch,Dine-In,Card,1,10.12,0.0,1 Item
121646,2025-07-26,Saturday,11,Morning,Takeout,Card,1,2.28,0.0,1 Item
121647,2025-05-17,Saturday,19,Dinner,Drive-Thru,Card,2,6.78,0.0,2 Items
121648,2025-04-21,Monday,12,Lunch,Dine-In,MobilePay,1,9.74,0.0,1 Item
121649,2025-04-18,Friday,5,Breakfast,Drive-Thru,Card,1,4.2,0.0,1 Item
121650,2025-04-15,Tuesday,21,Dinner,Dine-In,Unknown,1,9.35,0.0,1 Item
121651,2025-06-18,Wednesday,6,Breakfast,Drive-Thru,Card,1,3.64,0.0,1 Item
121652,2025-07-11,Friday,14,Lunch,Takeout,Cash,1,6.11,0.0,1 Item
121653,2025-04-13,Sunday,1,Late Night,Drive-Thru,Card,2,9.35,0.0,2 Items
121654,2025-06-24,Tuesday,14,Lunch,Drive-Thru,Card,1,6.44,0.0,1 Item
121655,2025-06-10,Tuesday,10,Breakfast,Delivery,Card,1,0.0,0.0,1 Item
121656,2025-07-23,Wednesday,14,Lunch,Delivery,Card,1,10.05,0.0,1 Item
121657,2025-05-11,Sunday,5,Breakfast,Drive-Thru,Card,1,3.82,0.0,1 Item
121658,2025-07-23,Wednesday,23,Late Night,Dine-In,Cash,3,7.54,0.0,3 Items
121659,2025-06-15,Sunday,9,Breakfast,Unknown,Card,1,5.93,0.0,1 Item
121660,2025-07-08,Tuesday,20,Dinner,Dine-In,MobilePay,1,9.7,0.0,1 Item
121661,2025-07-28,Monday,21,Dinner,Dine-In,Unknown,1,10.58,0.0,1 Item
121662,2025-05-11,Sunday,16,Afternoon,Delivery,Card,1,2.19,0.0,1 Item
121663,2025-07-16,Wednesday,21,Dinner,Delivery,Card,1,3.21,0.0,1 Item
121664,2025-05-02,Friday,19,Dinner,Dine-In,Cash,1,11.38,0.0,1 Item
121665,2025-04-15,Tuesday,7,Breakfast,Delivery,MobilePay,1,3.55,0.0,1 Item
121666,2025-05-12,Monday,13,Lunch,Dine-In,Cash,1,9.21,0.0,1 Item
121667,2025-05-26,Monday,19,Dinner,Dine-In,Card,2,17.55,0.0,2 Items
121668,2025-04-15,Tuesday,15,Afternoon,Dine-In,Card,1,1.89,0.0,1 Item
121669,2025-05-14,Wednesday,11,Lunch,Takeout,Cash,1,9.55,0.0,1 Item
121670,2025-05-20,Tuesday,16,Afternoon,Drive-Thru,Card,2,3.69,0.0,2 Items
121671,2025-05-08,Thursday,14,Lunch,Dine-In,MobilePay,1,5.64,0.0,1 Item
121672,2025-05-23,Friday,17,Afternoon,Delivery,Cash,1,2.97,0.0,1 Item
121673,2025-07-19,Saturday,21,Dinner,Delivery,MobilePay,1,5.63,0.0,1 Item
121674,2025-05-23,Friday,11,Morning,Delivery,Card,1,3.14,0.0,1 Item
121675,2025-04-29,Tuesday,11,Lunch,Takeout,GiftCard,1,5.65,0.0,1 Item
121676,2025-07-28,Monday,23,Late Night,Dine-In,Cash,1,3.46,0.0,1 Item
121677,2025-06-27,Friday,15,Afternoon,Delivery,Card,4,23.87,0.0,4+ Items
121678,2025-06-13,Friday,12,Lunch,Delivery,Card,1,1.58,0.36,1 Item
121679,2025-08-04,Monday,23,Late Night,Delivery,Card,1,4.7,0.0,1 Item
121680,2025-04-13,Sunday,17,Afternoon,Drive-Thru,Card,2,8.98,0.0,2 Items
121681,2025-05-18,Sunday,17,Afternoon,Takeout,Card,2,6.11,0.0,2 Items
121682,2025-06-28,Saturday,11,Morning,Takeout,Cash,1,1.86,0.0,1 Item
121683,2025-06-04,Wednesday,6,Breakfast,Drive-Thru,Card,2,6.61,0.0,2 Items
121684,2025-06-19,Thursday,15,Afternoon,Takeout,Card,1,1.7,0.0,1 Item
121685,2025-05-25,Sunday,14,Lunch,Drive-Thru,Card,1,10.6,0.0,1 Item
121686,2025-05-23,Friday,19,Dinner,Drive-Thru,Card,2,17.18,0.83,2 Items
121687,2025-08-03,Sunday,13,Lunch,Takeout,Card,2,19.27,0.0,2 Items
121688,2025-07-19,Saturday,1,Late Night,Dine-In,Unknown,1,6.61,0.0,1 Item
121689,2025-07-07,Monday,21,Dinner,Delivery,MobilePay,1,2.14,0.0,1 Item
121690,2025-05-12,Monday,20,Dinner,Takeout,Card,1,3.73,0.0,1 Item
121691,2025-07-23,Wednesday,19,Dinner,Delivery,Card,1,9.08,0.92,1 Item
121692,2025-08-08,Friday,12,Lunch,Drive-Thru,Cash,2,11.86,0.0,2 Items
121693,2025-05-14,Wednesday,7,Breakfast,Unknown,Card,1,2.69,0.44,1 Item
121694,2025-05-14,Wednesday,21,Dinner,Drive-Thru,Card,1,4.94,0.0,1 Item
121695,2025-05-25,Sunday,21,Dinner,Dine-In,MobilePay,1,9.53,0.47,1 Item
121696,2025-08-08,Friday,20,Dinner,Takeout,Unknown,2,17.1,0.0,2 Items
121697,2025-04-30,Wednesday,21,Dinner,Takeout,Cash,1,9.71,0.0,1 Item
121698,2025-06-21,Saturday,13,Lunch,Dine-In,Card,1,5.83,0.0,1 Item
121699,2025-04-12,Saturday,10,Morning,Drive-Thru,Cash,1,2.29,0.0,1 Item
121700,2025-07-29,Tuesday,14,Lunch,Delivery,MobilePay,1,9.32,0.0,1 Item
121701,2025-07-19,Saturday,13,Lunch,Delivery,Card,1,5.97,0.0,1 Item
121702,2025-04-16,Wednesday,5,Breakfast,Drive-Thru,MobilePay,2,10.63,0.0,2 Items
121703,2025-06-25,Wednesday,9,Breakfast,Delivery,Card,1,3.08,0.0,1 Item
121704,2025-05-23,Friday,8,Breakfast,Dine-In,Card,2,6.85,0.0,2 Items
121705,2025-05-14,Wednesday,13,Lunch,Takeout,Card,1,5.5,0.0,1 Item
121706,2025-06-15,Sunday,5,Breakfast,Takeout,Cash,1,2.16,0.0,1 Item
121707,2025-06-01,Sunday,14,Lunch,Dine-In,Card,2,15.03,0.0,2 Items
121708,2025-04-18,Friday,11,Lunch,Drive-Thru,Card,3,29.67,0.0,3 Items
121709,2025-06-03,Tuesday,20,Dinner,Takeout,Card,1,9.37,0.0,1 Item
121710,2025-08-02,Saturday,21,Dinner,Takeout,Cash,1,10.34,1.05,1 Item
121711,2025-04-15,Tuesday,21,Dinner,Takeout,Cash,1,5.95,0.0,1 Item
121712,2025-06-08,Sunday,11,Lunch,Takeout,Card,2,5.47,0.0,2 Items
121713,2025-04-22,Tuesday,9,Breakfast,Dine-In,Card,2,4.9,0.0,2 Items
121714,2025-07-01,Tuesday,12,Lunch,Drive-Thru,GiftCard,2,5.81,0.0,2 Items
121715,2025-06-12,Thursday,18,Dinner,Drive-Thru,Card,1,10.03,0.0,1 Item
121716,2025-07-23,Wednesday,14,Lunch,Delivery,Card,1,9.29,0.0,1 Item
121717,2025-07-30,Wednesday,11,Lunch,Delivery,Card,1,5.9,0.0,1 Item
121718,2025-05-10,Saturday,11,Lunch,Dine-In,Card,1,7.53,0.0,1 Item
121719,2025-08-07,Thursday,20,Dinner,Drive-Thru,Card,1,9.84,0.0,1 Item
121720,2025-06-12,Thursday,18,Dinner,Dine-In,Card,1,10.48,0.0,1 Item
121721,2025-08-08,Friday,13,Lunch,Delivery,MobilePay,1,10.55,0.0,1 Item
121722,2025-04-14,Monday,14,Lunch,Delivery,Card,2,14.32,0.0,2 Items
121723,2025-08-02,Saturday,11,Lunch,Dine-In,MobilePay,1,6.67,0.0,1 Item
121724,2025-06-29,Sunday,17,Afternoon,Dine-In,Cash,1,2.18,0.0,1 Item
121725,2025-07-31,Thursday,20,Dinner,Takeout,Card,1,10.39,0.0,1 Item
121726,2025-05-18,Sunday,12,Lunch,Takeout,Cash,1,10.45,0.0,1 Item
121727,2025-05-17,Saturday,20,Dinner,Drive-Thru,MobilePay,2,4.65,0.77,2 Items
121728,2025-05-11,Sunday,13,Lunch,Dine-In,Card,1,10.93,0.0,1 Item
121729,2025-05-08,Thursday,11,Morning,Dine-In,Cash,3,7.29,0.0,3 Items
121730,2025-04-30,Wednesday,15,Afternoon,Dine-In,MobilePay,1,3.94,0.0,1 Item
121731,2025-07-08,Tuesday,15,Afternoon,Drive-Thru,Card,1,5.19,0.0,1 Item
121732,2025-06-06,Friday,11,Morning,Dine-In,Cash,2,7.03,0.0,2 Items
121733,2025-07-19,Saturday,9,Breakfast,Drive-Thru,Card,1,3.4,0.0,1 Item
121734,2025-05-27,Tuesday,21,Dinner,Dine-In,Card,1,6.55,0.0,1 Item
121735,2025-07-21,Monday,6,Breakfast,Drive-Thru,Cash,2,8.55,0.87,2 Items
121736,2025-04-27,Sunday,5,Breakfast,Drive-Thru,Cash,1,3.22,0.0,1 Item
121737,2025-04-26,Saturday,14,Lunch,Drive-Thru,Card,1,7.52,1.75,1 Item
121738,2025-04-22,Tuesday,10,Breakfast,Dine-In,MobilePay,2,4.51,0.0,2 Items
121739,2025-07-05,Saturday,16,Afternoon,Drive-Thru,GiftCard,4,14.48,0.0,4+ Items
121740,2025-04-21,Monday,15,Afternoon,Dine-In,Card,1,2.26,0.52,1 Item
121741,2025-05-22,Thursday,12,Lunch,Dine-In,Cash,1,2.51,0.0,1 Item
121742,2025-04-20,Sunday,11,Lunch,Drive-Thru,MobilePay,3,5.62,0.0,3 Items
